1,2,3,4,5,6,7,8,9,10,11,12,13,14,15,16,17,18,19,20,21,22,23,24,25,26,27,28,29,30,31,32,33,34,35,36,37,38,39,40,41,42,43,44,45,46,47,48,49,50,51,52,53,54,55,56,57,58,59,60,61,62,63,64,65,66,67,68,69,70,71,72,73,74,75,76,77,78,79,80,81,82,83
-499149,-495725,-494166,-490811,-486487,-484964,-483476,-480260,-478990,-469958,-461167,-459519,-453238,-446370,-443396,-433972,-430558,-429105,-423630,-420829,-423415,-420683,-413804,-417881,-415253,-408146,-405587,-404998,-401029,-398574,-401646,-405164,-402812,-399944,-390955,-394047,-386721,-383243,-381099,-378989,-377938,-375898,-373892,-371921,-375906,-368926,-363979,-355525,-355908,-351833,-355437,-358639,-351849,-351336,-349745,-350204,-353835,-352348,-346626,-347814,-344878,-343530,-346741,-343827,-348836,-342420,-340565,-334371,-333265,-334745,-333707,-332079,-325704,-326150,-328330,-321911,-324371,-319911,-319150,-317320,-316628,-316332,-319899
-496199,-497699,-497797,-494110,-490304,-486693,-490128,-491225,-484863,-481404,-480211,-473149,-469804,-467527,-466314,-463083,-458215,-451218,-443685,-440606,-437566,-435780,-432815,-431858,-432961,-434800,-431987,-433447,-428294,-429090,-426429,-416816,-414231,-411685,-415488,-415592,-413913,-411518,-409161,-406394,-408780,-405929,-401324,-398313,-396184,-394094,-390932,-381734,-381568,-379630,-382803,-380941,-380660,-383349,-381601,-375701,-377793,-374514,-368520,-366962,-361196,-366062,-364618,-364475,-356858,-355212,-348174,-346920,-350368,-349190,-348049,-343222,-339546,-344224,-343235,-342285,-341274,-345646,-344903,-338644,-335149,-331978,-331294
-502921,-493160,-485886,-481866,-470936,-471773,-460257,-456403,-448951,-445180,-441451,-437763,-434116,-432255,-428691,-425169,-421688,-424431,-428979,-425622,-428162,-423580,-418153,-420358,-421119,-423877,-422852,-419827,-409587,-406645,-399212,-391324,-384846,-382070,-384558,-381865,-373737,-371946,-368641,-364301,-359420,-356975,-354572,-352209,-349618,-354351,-352114,-357118,-347781,-353184,-351112,-354714,-356702,-354754,-352848,-343064,-346197,-345484,-351361,-356923,-356715,-355098,-353524,-351990,-344683,-341321,-339912,-335157,-333831,-334801,-327348,-326146,-326244,-320391,-323438,-320122,-312174,-311221,-310132,-315490,-321946,-321971,-328148
-495513,-490069,-485672,-487864,-483557,-471163,-466946,-463466,-452766,-451856,-447818,-439764,-435815,-431912,-428053,-426469,-421696,-422670,-424698,-417005,-419318,-412531,-402585,-402765,-396669,-392096,-388311,-376316,-373086,-369900,-366759,-359291,-356240,-350986,-348025,-346056,-344652,-341825,-338038,-331542,-321717,-319070,-311718,-304961,-307637,-307465,-313892,-316173,-313839,-302770,-297509,-293314,-297188,-295079,-293015,-290996,-289021,-287092,-285208,-274598,-264144,-260681,-263781,-259932,-267226,-257858,-258800,-256940,-260353,-258962,-257616,-263281,-261386,-256090,-253301,-247244,-251072,-243897,-242910,-238291,-237680,-231618,-232102
-489503,-481790,-477057,-465104,-457105,-443874,-439334,-434843,-427228,-422833,-418486,-405788,-401538,-399815,-399955,-388817,-384760,-384634,-373076,-371129,-362815,-358999,-354648,-350006,-336730,-339703,-335317,-337477,-342201,-338772,-335391,-331695,-329917,-335042,-329007,-331695,-328604,-325561,-322567,-314343,-311445,-299492,-303330,-302904,-308700,-306043,-296012,-295496,-292426,-286959,-284544,-274861,-265843,-263573,-267412,-265238,-261182,-260786,-258757,-258645,-259370,-263676,-261840,-260053,-258315,-254292,-252650,-251056,-245989,-249562,-248113,-246713,-245360,-241809,-247230,-246023,-244864,-243753,-242690,-241676,-235602,-234684,-230263
-494827,-485617,-480548,-473149,-468183,-455636,-448075,-443264,-438505,-424437,-419781,-415178,-415080,-415715,-416130,-411734,-402244,-390589,-386347,-387908,-393263,-381186,-377151,-363210,-369284,-367491,-371520,-367744,-370334,-366661,-365036,-360859,-357341,-353876,-347731,-344369,-342456,-348859,-338847,-345828,-336936,-333299,-330299,-327902,-325005,-314588,-311795,-315948,-314797,-302594,-308343,-299128,-296645,-294214,-284910,-291427,-282112,-288997,-291398,-282719,-285040,-289951,-285602,-273704,-278909,-274668,-270168,-268461,-266805,-267760,-263199,-254198,-252749,-251353,-250008,-255601,-245192,-249019,-256524,-255811,-254178,-249373,-248442
-494485,-489024,-476078,-468867,-463573,-454998,-455897,-452325,-441765,-444662,-441358,-430709,-415658,-410860,-399704,-389013,-384380,-379802,-382228,-367784,-363680,-350505,-350363,-346116,-341925,-337788,-330114,-326088,-321728,-308414,-304554,-306590,-299178,-301688,-292015,-288430,-287810,-284335,-280916,-272034,-260461,-256888,-253689,-246620,-240401,-237367,-240387,-237463,-233901,-231088,-228331,-225628,-218840,-215082,-212545,-210063,-199166,-196794,-191265,-194941,-192735,-190584,-184933,-188313,-176857,-185584,-180413,-168853,-167088,-156076,-154421,-141852,-132642,-131153,-129719,-124360,-132054,-131541,-130328,-129897,-128794,-119574,-122557
-488917,-478083,-473277,-467594,-454421,-440752,-427954,-413221,-416479,-401537,-405090,-411482,-400569,-395473,-390435,-385455,-382128,-377266,-376145,-376345,-371659,-356786,-352216,-353392,-344709,-340315,-342061,-329188,-324970,-320811,-316799,-316040,-301154,-288628,-292939,-291171,-283902,-281500,-283445,-279871,-279234,-273899,-259166,-249461,-252270,-249048,-235916,-228650,-214109,-207702,-211974,-208341,-196190,-193436,-190742,-194981,-192404,-191827,-187490,-180720,-178376,-185991,-183765,-190317,-190738,-188688,-186696,-183484,-189161,-179754,-175468,-181871,-178576,-181869,-183780,-189796,-188390,-177773,-176484,-167846,-164079,-162966,-163116
-490749,-481338,-478871,-474714,-468761,-462870,-457041,-461556,-458945,-457065,-458268,-452749,-447292,-441897,-427080,-420951,-409726,-404579,-399494,-394471,-389510,-384259,-372883,-378445,-373732,-369081,-364628,-350489,-340320,-329911,-325570,-330475,-325876,-321721,-314570,-311553,-318538,-314631,-310787,-313093,-297439,-283683,-280086,-266657,-267151,-260868,-245445,-253009,-260546,-256558,-253458,-250419,-256042,-261070,-258218,-255427,-248827,-246161,-253302,-256991,-248612,-247632,-251633,-237923,-235690,-234504,-232395,-227035,-232355,-228010,-214500,-214338,-206886,-202813,-202651,-212728,-211240,-200334,-187413,-186111,-175804,-174626,-172282
-493456,-486100,-476612,-470265,-463982,-445098,-447291,-451251,-445231,-449376,-449262,-431440,-425681,-417058,-411430,-405867,-387585,-376636,-371270,-365493,-360258,-352340,-345894,-341393,-331948,-324356,-309491,-300065,-293890,-289244,-296389,-292410,-280147,-287187,-284442,-270897,-266709,-262586,-258529,-251395,-247469,-240547,-240087,-238094,-236312,-220218,-207227,-210387,-215879,-212360,-207100,-216636,-204301,-201226,-198215,-206983,-213591,-218341,-211573,-208890,-206272,-210620,-204523,-202102,-199746,-197455,-188510,-182483,-175988,-173959,-160018,-158120,-156288,-154521,-140450,-145305,-149957,-148452,-139712,-132717,-142123,-140879,-139149
-493113,-486295,-472853,-466173,-455183,-442953,-449616,-443211,-436875,-430608,-424410,-407578,-402263,-408287,-389677,-394208,-378379,-366671,-351924,-337768,-332258,-316694,-311322,-302911,-297758,-284281,-279184,-274157,-256054,-247015,-242194,-242202,-240589,-242658,-242718,-240766,-249004,-237061,-229385,-225184,-221052,-222761,-219283,-226321,-222465,-218005,-206511,-202861,-194619,-187278,-183835,-185532,-186457,-183220,-180052,-176953,-163490,-159585,-162322,-163902,-161148,-162656,-156249,-161997,-162735,-150563,-137405,-126257,-121650,-119516,-121591,-119594,-118763,-123507,-120180,-121253,-119601,-115620,-108857,-107411,-106033,-113722,-113451
-492770,-490728,-492824,-478018,-482400,-475678,-473780,-467057,-460405,-452148,-444825,-434397,-439305,-422352,-416135,-408151,-402079,-406066,-389389,-379864,-374306,-368594,-370958,-360312,-366527,-361104,-357881,-341485,-331831,-326698,-335985,-341862,-336946,-342428,-337657,-327581,-322954,-327974,-325942,-321532,-317194,-314805,-321107,-308447,-304623,-300646,-285438,-271751,-267992,-273626,-270011,-266469,-262998,-259600,-256275,-253021,-241664,-234726,-231689,-228725,-225833,-223013,-207458,-198245,-202290,-199760,-197302,-194916,-200930,-198699,-196530,-198405,-201173,-205116,-198716,-205904,-196133,-194470,-197585,-198095,-200634,-212278,-218075
-481138,-473641,-461409,-452928,-457866,-450672,-430098,-423055,-416089,-418078,-406897,-400158,-390361,-383772,-388384,-388889,-382528,-373902,-367693,-361559,-357457,-351475,-345568,-350874,-346134,-340454,-332239,-312228,-306776,-301400,-310665,-305440,-309688,-305251,-296517,-289331,-277478,-268617,-278206,-272852,-268309,-250903,-238108,-233791,-229551,-225386,-236104,-241820,-227642,-223613,-219826,-215818,-212183,-197202,-202196,-207052,-196947,-179733,-176553,-162799,-159770,-162604,-146951,-146744,-144018,-132432,-124046,-121547,-104233,-93451,-91179,-88983,-99319,-104671,-102702,-100809,-90229,-84408,-81469,-75950,-85944,-84506,-82672
-504690,-502423,-494666,-486988,-479389,-469975,-449569,-442208,-431790,-411528,-412748,-405703,-388461,-372130,-365322,-358594,-349191,-337649,-319621,-324915,-308707,-314386,-308212,-300881,-294866,-282878,-283439,-272357,-260782,-240647,-235106,-216736,-211353,-206438,-203467,-185823,-180758,-163423,-169642,-151688,-143887,-151177,-146586,-131311,-126879,-122525,-133356,-129161,-125045,-121008,-107741,-103862,-99337,-90476,-86835,-83273,-69635,-73501,-70176,-55459,-47230,-33684,-32466,-29538,-13872,-17967,-706,17142,19675,22129,11589,23120,25336,20051,6461,13135,2680,15563,17304,22595,24178,40823,33789
-478280,-470465,-451268,-443258,-435330,-423412,-415649,-410870,-407538,-400023,-386107,-384361,-392778,-385594,-378492,-371472,-376480,-369626,-360709,-354659,-359997,-341793,-319024,-312665,-300515,-294321,-292727,-291064,-286834,-280970,-259003,-253305,-247689,-242156,-236706,-227922,-222637,-203629,-185322,-186316,-170156,-156124,-158030,-153322,-143845,-139303,-135458,-126749,-122454,-111003,-106874,-116059,-112095,-108213,-104415,-99095,-95462,-91911,-99760,-96374,-88317,-85096,-81864,-87714,-84741,-93306,-78289,-81002,-79033,-86218,-67647,-63632,-56735,-45673,-44538,-26105,-24123,-22223,-35330,-33629,-46159,-38690,-37248
-491399,-480796,-476815,-469113,-452385,-444214,-436129,-427136,-419223,-408194,-400453,-392798,-385229,-365019,-349221,-345913,-338688,-338403,-324772,-313520,-319206,-326097,-319388,-325496,-311716,-312578,-294475,-300473,-294280,-301034,-295013,-298045,-275004,-269242,-268453,-258615,-269142,-274014,-268681,-279382,-267014,-261939,-261097,-272904,-260286,-240202,-235409,-230850,-226377,-226616,-222315,-204254,-215178,-200802,-187152,-183281,-179497,-191742,-172815,-173678,-170237,-166883,-163615,-151546,-148450,-149590,-129534,-121060,-118307,-115641,-117658,-101415,-102316,-103426,-85261,-82304,-80240,-78262,-90844,-82679,-84259,-72076,-70528
-504006,-509590,-500825,-492150,-483563,-463549,-440068,-431750,-418404,-410265,-416522,-408562,-395200,-387419,-389293,-392886,-393356,-385932,-378598,-371353,-364198,-357132,-332904,-326018,-319220,-312512,-302304,-288005,-281566,-268562,-272191,-272953,-265890,-244516,-243996,-238182,-242249,-250117,-244840,-252914,-247548,-247018,-243287,-231615,-226235,-206398,-201568,-196827,-192177,-201608,-202078,-210978,-193828,-201443,-197329,-179123,-175187,-153711,-141458,-137791,-125237,-116436,-118291,-114982,-111762,-121540,-117796,-114844,-120359,-126062,-129180,-126587,-112527,-92603,-90132,-97014,-108785,-116577,-125265,-123387,-111877,-95686,-102860
-490713,-474220,-465119,-456110,-455288,-438704,-438894,-433964,-425420,-416969,-408610,-400345,-402679,-394599,-402722,-412421,-404620,-388305,-385426,-391251,-383821,-376485,-357794,-339504,-345193,-338228,-328545,-324943,-318256,-311663,-309791,-297464,-278937,-288830,-275399,-286266,-271779,-248446,-242688,-237023,-246701,-241222,-234861,-232092,-213579,-208471,-203456,-203906,-199077,-205113,-200469,-210298,-197308,-192944,-188672,-194438,-187315,-194452,-181782,-177974,-174259,-170638,-163239,-144946,-157120,-153870,-150712,-159083,-143607,-140728,-129397,-126704,-108059,-98823,-111022,-115761,-113532,-124281,-140759,-138808,-126926,-138436,-136765
-490370,-480837,-471400,-461472,-461591,-440946,-420248,-425826,-404026,-395263,-379073,-352848,-332872,-324495,-316213,-321759,-324839,-316847,-308950,-301150,-309471,-283941,-266488,-253604,-262322,-268020,-251611,-240315,-220248,-213411,-210893,-187141,-193703,-169022,-154774,-135492,-129329,-112218,-90568,-84694,-90837,-72319,-84970,-90241,-84848,-67703,-75685,-62314,-57307,-38929,-21121,-10460,-5837,-8400,-16871,-16497,-4754,-613,3431,7379,11231,11220,32083,31895,22818,26189,29463,14653,35351,38336,41225,37911,55637,58237,59371,61778,47250,44587,46705,48728,41617,44722,46455
-501251,-491378,-480468,-463327,-467951,-458477,-455302,-446952,-432147,-410917,-396982,-402835,-399611,-392225,-383649,-389194,-378612,-370334,-362157,-344759,-336781,-328902,-337339,-329661,-322081,-327404,-320024,-326338,-311652,-300331,-285247,-278366,-261046,-254364,-242564,-236082,-212330,-217536,-211353,-205269,-187680,-182073,-163985,-158301,-152716,-155242,-163536,-146849,-154372,-149178,-124620,-119733,-110594,-103645,-118082,-107178,-106447,-104718,-100529,-96441,-92451,-75727,-71937,-68247,-64657,-71145,-67754,-58026,-71136,-66640,-81916,-67397,-66824,-64131,-45562,-43069,-23413,-21119,147,-8039,2127,1341,22392
-500792,-486024,-473810,-456949,-447047,-437247,-420354,-410760,-398520,-373923,-368477,-366664,-370374,-362891,-349563,-340794,-352601,-334743,-320843,-307113,-280197,-272300,-247999,-234995,-234790,-227054,-221441,-233755,-241533,-236252,-247002,-233253,-212137,-204480,-197672,-205266,-211038,-204540,-182069,-175777,-169588,-172578,-179819,-173939,-182515,-176841,-171271,-157807,-152443,-157234,-134301,-110900,-95156,-91112,-79699,-58379,-53840,-56212,-51879,-52354,-59893,-68233,-64864,-81093,-62709,-47290,-34391,-42325,-26787,-16746,-4217,-1226,17473,20571,19271,19531,20355,22148,38240,39296,34616,22120,22682
-486418,-475867,-481020,-484098,-474049,-480435,-455681,-445768,-444540,-434841,-415358,-414292,-388566,-379293,-370127,-361068,-358555,-349708,-329503,-320870,-313867,-305447,-279353,-262737,-242096,-227392,-212907,-215574,-207900,-195242,-170037,-162683,-155435,-148294,-141260,-134332,-138188,-131473,-115006,-108505,-106885,-87617,-61237,-67401,-46283,-50303,-44547,-38899,-44071,-38636,-33307,-28084,-13754,-8744,-19424,1669,8961,34801,39278,43648,42857,59931,64699,54019,69535,73717,90210,109642,110614,113918,106950,115715,115551,113215,132094,142329,137233,128165,110641,126461,146812,148838,150756
-480689,-469798,-459017,-428287,-414992,-404541,-378114,-373876,-363755,-357642,-338028,-341229,-327945,-339049,-334364,-332986,-320454,-308555,-314580,-305669,-308538,-297348,-291702,-289406,-272232,-256940,-261633,-245718,-231038,-224952,-217251,-214265,-192147,-192057,-175274,-162490,-156306,-149376,-130493,-122297,-115696,-109206,-95733,-89462,-101307,-87834,-68136,-44513,-38792,-33182,-43116,-53767,-48487,-57640,-52580,-53531,-28423,-23136,-18515,-14005,-16640,-12349,12946,18386,15301,9464,13204,16835,20355,23766,38150,42151,45231,48202,51062,53812,49395,30966,47318,49628,42438,44528,46509
-479577,-460820,-463472,-452469,-426987,-402376,-384961,-375402,-364966,-345397,-335188,-344268,-312136,-320671,-328307,-320627,-318721,-289961,-280659,-271332,-240088,-210284,-203132,-181079,-172457,-176974,-151059,-150029,-141862,-133808,-136636,-126736,-119022,-91943,-84456,-77082,-64868,-66406,-58934,-68647,-76210,-63440,-56294,-42596,-51914,-57684,-51558,-45546,-26691,-20905,2883,-10811,-15162,-9830,13551,18655,12245,19921,3369,930,24040,10337,14647,37859,30042,44488,45762,49505,53135,47015,41232,25240,46003,49066,52015,47843,57646,44679,46541,55711,51911,54067,56109
-487017,-484000,-470700,-441946,-430727,-419624,-431371,-433495,-422743,-430708,-432966,-400679,-407528,-379084,-369034,-359628,-349811,-340111,-330528,-321062,-315730,-302636,-296770,-307389,-300616,-271021,-271750,-270643,-257498,-235073,-225384,-217320,-226713,-219182,-191148,-183552,-190652,-183289,-176044,-168915,-151540,-123023,-127105,-143113,-151170,-140579,-134268,-135399,-129322,-146658,-149292,-161158,-157322,-155466,-152952,-134108,-128966,-126408,-125159,-112220,-103188,-98630,-80604,-76279,-72072,-66111,-78664,-74807,-71067,-67444,-67000,-41073,-37800,-30168,-27130,-24208,-21403,-22831,-18864,-31080,-28742,-26522,-44972
-476119,-477050,-465261,-453592,-442044,-447222,-457888,-451517,-446587,-435640,-424813,-434384,-412002,-401536,-407890,-397665,-379867,-365238,-334853,-338612,-328988,-336623,-337760,-309090,-299947,-299471,-290569,-281788,-257040,-229607,-210579,-225624,-214882,-226946,-219007,-211187,-210864,-200310,-179438,-157579,-126879,-99547,-115969,-109623,-86246,-76712,-51446,-63504,-43822,-37687,-22793,-36019,-22237,-16583,-11050,-18516,-5320,-147,-16114,-12463,-7651,-11638,-7067,-2616,15392,7700,11790,15760,19609,23338,6398,27473,34748,37996,41123,57492,74556,55921,73036,88082,82749,85035,76180
-487627,-472223,-484320,-479864,-444676,-432922,-421291,-409785,-417238,-405979,-383007,-371995,-361107,-359894,-349253,-336447,-312389,-302120,-295011,-268158,-282396,-272622,-262971,-256866,-244024,-210983,-181318,-172199,-139273,-135354,-107614,-99077,-96512,-99641,-73571,-53231,-68933,-60576,-52905,-67915,-52652,-51292,-20982,-13930,-7001,23878,48863,54750,83644,86992,93178,120978,138239,146477,160214,165782,174378,179698,175964,157995,155777,185105,172052,179506,207699,230225,247762,261785,265744,246009,249721,253309,256773,238868,242085,263740,266709,254870,267635,267378,269853,272203,274430
-461990,-453133,-440672,-404653,-413906,-426649,-405968,-416017,-404318,-392747,-361584,-329684,-312948,-301886,-272423,-282715,-254419,-243865,-223223,-205563,-183877,-170707,-160789,-150998,-133641,-124104,-114695,-112994,-96299,-103922,-95021,-84487,-52594,-30146,-21754,-13489,-5351,2660,-7821,-3519,10364,41236,67896,92962,122205,129199,153832,160572,170735,153557,178701,208685,232859,252705,253251,282141,306548,304263,309603,314817,319903,346732,344762,349861,354439,355237,359560,378953,399711,397915,401730,398694,387338,401701,413207,405851,408903,436193,438990,441661,444204,433418,440954
-486942,-458280,-451193,-445999,-413118,-400713,-386213,-383455,-358616,-325893,-326667,-335557,-319786,-320552,-288890,-264751,-258109,-259027,-264168,-251181,-260175,-234505,-249507,-253658,-243734,-225047,-215384,-205851,-196449,-184640,-180536,-175846,-147855,-148921,-155529,-149294,-140936,-116602,-82594,-63192,-55357,-34592,-27018,-21388,-17514,-10332,-28002,-44519,-37728,-20419,-27967,-21568,-15300,6801,-7680,-2527,-21250,-15634,-9093,-6471,-13017,-10281,-5319,17040,26135,30705,59370,63679,67858,69498,73416,77203,84778,99536,103161,106426,133450,136453,152346,171032,191465,199896,202247
-486599,-499104,-474320,-465962,-451775,-427457,-398396,-407493,-371517,-344614,-348572,-353076,-353894,-366781,-359752,-348361,-351322,-327990,-317001,-279668,-271316,-260729,-240592,-230274,-220089,-207524,-197607,-187824,-178175,-168660,-140796,-149936,-161604,-152625,-153672,-150588,-152368,-145962,-153624,-145449,-163365,-138708,-120672,-136555,-120792,-135340,-109855,-115413,-108926,-75792,-46722,-15510,9607,38024,44189,50219,81575,67356,78166,107341,128022,133249,113189,112984,105489,110180,114736,113808,119651,139746,143766,151368,165721,171891,164379,167729,170292,173374,167775,170590,184487,207028,205902
-486256,-499686,-463811,-460055,-465913,-452857,-431951,-406508,-371680,-340071,-327701,-315469,-303374,-269207,-257388,-255096,-269047,-239564,-202958,-191825,-162144,-148174,-137454,-103856,-93410,-89967,-79796,-76399,-88273,-81790,-47371,-17765,-27242,2626,11697,20631,20741,29400,44164,79299,94799,120701,128672,136506,126903,134553,141975,146816,153963,170668,201998,199629,182180,167763,163187,169372,153417,135442,141214,146849,171773,172893,178116,174242,179190,184001,188673,216279,199329,209408,216711,244968,248816,270838,273229,255804,246561,249723,238173,216930,219679,242034,255684
-485913,-485443,-470346,-467604,-445733,-453111,-452494,-442050,-420064,-398280,-374840,-362302,-325254,-312998,-300883,-288910,-301868,-313474,-296021,-284611,-291951,-280822,-259496,-248649,-249549,-248315,-229213,-223436,-227269,-226487,-196702,-160107,-150659,-137158,-113336,-121855,-120534,-111660,-109146,-74129,-57876,-49565,-29369,-21340,-16156,-5291,2316,-4268,3057,10241,38906,67810,46489,53110,51249,81919,96591,108073,87395,116052,121687,127181,122388,151850,156921,151412,148601,169080,146979,151346,181746,194656,180443,184247,198237,201759,228822,226788,229887,210395,213213,208020,210556
-485570,-448482,-434341,-425720,-437251,-414914,-421589,-411948,-413504,-391181,-378194,-336726,-324027,-320757,-312974,-300708,-304481,-272502,-260669,-241879,-230335,-199719,-175879,-151806,-141390,-116001,-82154,-87161,-95374,-110251,-106829,-123133,-113321,-103653,-68122,-30379,-10710,26398,35344,49278,45159,53673,63403,71628,77955,71566,79359,89675,124963,132322,139537,150874,179251,193834,193880,200373,224656,230861,254638,277141,301419,292357,297841,316484,321679,326729,325133,326005,353588,378920,368267,388338,392379,396275,423746,423694,441527,444846,448021,473536,473090,475832,503087
-485227,-469089,-451380,-451670,-441188,-414811,-400925,-392200,-369387,-355944,-342648,-329501,-313101,-300249,-287545,-274988,-281480,-269219,-256083,-271286,-265511,-240687,-211285,-199910,-190445,-178639,-173128,-133606,-96774,-102652,-108692,-98499,-99880,-89983,-80233,-89737,-80283,-70434,-78600,-63887,-49764,-41048,-51578,-43158,-34885,-42055,-34078,-46792,-24364,-16830,-9444,18786,32449,60406,96378,76283,82783,89135,95832,101889,85773,72894,78508,77116,78921,84092,67660,53764,51963,36258,52241,56525,88883,92871,69275,86398,92184,118773,122023,137053,113101,127153,124457
-484885,-455392,-418742,-381395,-366884,-331367,-317158,-303101,-282629,-268874,-248086,-234633,-192938,-155966,-157560,-120337,-95607,-83061,-52596,-23605,-32482,5548,-3523,21585,33072,48627,31043,42078,52961,46509,75441,85870,96149,106276,124011,133813,143487,153010,162381,171602,206824,215742,251038,236330,242473,273610,259241,282553,276490,313580,312085,319491,356090,383537,406390,432235,438886,436602,442950,424445,457922,468293,494044,527249,541884,559628,569481,574469,579306,583992,610451,614835,619067,623148,627078,606794,610422,608969,583534,574843,589929,592801,585657
-470124,-473357,-458208,-443214,-428374,-413688,-380826,-365232,-351010,-336943,-325081,-336690,-323087,-309638,-296344,-305013,-280232,-278242,-293412,-306263,-320537,-311812,-299754,-287851,-276103,-233980,-233696,-200600,-170114,-141120,-159843,-128655,-134683,-104893,-110002,-89050,-93222,-69034,-44959,-35529,-26254,-28830,-20878,18500,27157,50429,84402,88176,96214,110118,108028,129642,113134,137908,166383,148785,164838,171485,177977,184315,190498,190561,196435,207093,186393,191804,197059,215800,239713,244505,249142,283340,292454,281209,312393,310426,314136,311413,286903,297256,315874,336612,325152
-493800,-478157,-462672,-420477,-433454,-418443,-427830,-413135,-398598,-402617,-388395,-399521,-416012,-402265,-372879,-359448,-346523,-333488,-335612,-336106,-323466,-290751,-278426,-286533,-292561,-258614,-246921,-231403,-230651,-190601,-177420,-193114,-207455,-196868,-186439,-176168,-166056,-166848,-159511,-149872,-158804,-168774,-159610,-161691,-166032,-160218,-145931,-116556,-121367,-95771,-87871,-104495,-107871,-100445,-85653,-90967,-84015,-70759,-59598,-66172,-33047,-105,7019,34322,61907,39268,44640,49855,52687,57585,53150,37204,23208,14521,18629,22579,42516,46150,29769,18771,11427,24021,26865
-498466,-493292,-493496,-477836,-433161,-386371,-353346,-317360,-302508,-287817,-273287,-266809,-249405,-247329,-211694,-197971,-193872,-211049,-201725,-205588,-192673,-208136,-214507,-199637,-190860,-206774,-194827,-152001,-156121,-144659,-155171,-144032,-125043,-114226,-134365,-123872,-87582,-77411,-67402,-57554,-46408,-40651,-43432,-28688,7621,-939,7779,32818,26083,26743,34815,14538,15719,23307,23329,30594,37697,67670,74451,73697,80155,104781,138814,144787,150599,170100,199354,204681,180813,185818,201656,206338,210858,246752,225454,240238,244112,242032,246129,251738,248900,251968,254874
-483513,-454998,-463575,-470272,-430052,-441929,-426431,-411099,-363982,-348979,-334141,-319468,-331230,-316887,-302708,-289755,-274384,-234105,-219310,-235646,-247685,-266511,-253651,-217005,-207844,-195479,-206626,-194590,-153512,-120479,-139205,-127829,-116618,-99546,-116608,-105891,-99226,-83831,-89166,-89696,-91183,-81456,-71893,-68658,-59425,-60296,-81908,-59065,-30707,-35704,-5309,-24008,-26136,-47645,-56560,-42098,-27299,11327,18396,25155,31750,34937,26713,32813,65088,54540,60146,95663,100939,106050,81089,85870,74564,68484,72771,76892,48335,21948,9013,12475,15772,24655,19525
-483942,-480258,-464521,-436611,-421195,-405940,-390845,-372628,-357854,-327475,-301091,-286799,-291918,-292042,-292364,-298857,-281643,-268314,-267618,-240117,-235598,-222970,-195926,-158975,-118878,-100116,-82874,-82036,-45945,-34544,-23303,-12223,10137,52,10395,20833,3101,13218,23174,32970,42605,21223,30536,34342,43892,32268,40939,60100,61666,69856,77885,106249,93337,82048,96763,133184,140250,155989,174207,168166,177335,175868,175786,168898,174679,181878,167246,172546,177684,167386,165060,161490,178274,196451,183030,197847,216013,219706,223239,200272,176180,158639,154683
-512592,-475134,-443796,-428635,-384023,-353264,-368306,-330394,-312323,-318279,-284903,-268533,-223684,-190449,-177008,-172132,-139757,-114194,-77950,-44225,-58340,-34733,-22542,11209,-5041,14879,26445,18484,13354,8468,20488,46725,28970,25403,35719,45878,55881,46464,59181,75439,98510,102797,120982,133580,142333,176176,184616,192900,222576,234756,242570,250229,259010,235531,220916,224114,217969,234382,246242,252650,288570,269935,259935,268681,268150,242884,248198,282256,256516,234073,213961,231636,236012,238468,212553,216460,250649,224086,215641,190073,193198,170535,180083
-466071,-420763,-405866,-391121,-376528,-389634,-375211,-372747,-339022,-346927,-333246,-319717,-279962,-257141,-236324,-215462,-185921,-173304,-169855,-181628,-164769,-143111,-129061,-117356,-112627,-81584,-48572,-59371,-50387,-60242,-25712,-28993,8542,37451,73969,83850,76083,98642,131152,122915,138173,142597,148508,157173,169488,187577,195785,215112,216579,219239,223430,255855,263151,270296,296607,277577,284265,290802,312415,318648,333706,328091,333868,339492,344964,333976,309754,314770,302498,307210,311771,316179,341400,345504,321859,343668,366217,369713,363293,366485,399126,374654,353528
-485227,-470603,-433845,-419515,-433353,-419319,-397337,-383599,-370008,-354983,-354180,-332166,-319166,-295343,-282984,-258654,-246245,-246844,-216273,-224118,-220589,-222367,-210845,-205240,-198120,-161770,-150839,-161531,-150895,-147748,-129459,-119003,-108957,-117871,-107525,-97923,-82201,-72894,-91861,-82850,-98495,-64746,-47653,-45542,-37269,-43809,-6600,1230,27016,34550,41936,40695,47786,42195,48991,53301,43337,49689,37689,47705,69000,74761,80375,94681,99999,98277,129449,117248,123126,122546,126977,110874,101437,105425,135594,144951,155201,158598,133847,134327,137282,140089,142748
-492423,-478222,-450893,-421664,-394516,-380889,-371173,-376749,-347830,-316515,-321086,-300164,-307286,-294807,-270997,-278651,-266602,-254697,-242935,-216766,-192101,-180769,-180472,-169428,-144677,-132560,-130570,-120099,-109771,-102996,-98131,-88234,-78480,-68869,-64044,-54721,-50760,-48426,-29873,-48516,-22901,-14438,-6119,-7534,499,8388,16134,27057,34516,34253,42088,38944,45830,34553,31550,46019,80104,86272,76441,74612,80349,109208,129596,149875,174475,179496,186485,175648,172786,193114,197417,178334,182350,186016,184476,180769,189834,208307,225083,228096,206470,209195,211777
-486085,-493354,-479717,-466219,-448917,-418274,-398539,-375315,-367287,-354624,-349780,-337395,-332545,-332184,-346110,-350205,-319529,-285761,-262181,-250909,-219038,-208045,-203546,-192831,-175174,-144041,-143465,-116939,-102476,-86421,-98809,-98532,-89070,-70031,-61089,-32509,-23603,-23805,-14063,-5574,6145,16449,27616,53852,78279,85933,77212,102459,89178,76481,67514,61865,69769,77131,83532,96490,128676,152210,179896,185602,191168,195747,209359,204803,209812,191078,192550,199471,203924,193566,176197,180232,204036,197280,204986,208465,235003,234743,223953,254326,239277,241921,244426
-496890,-495505,-473359,-469584,-452538,-454360,-441682,-455784,-452353,-440080,-454255,-461072,-449204,-438968,-427369,-415905,-383210,-370683,-337193,-325502,-331890,-298072,-287552,-254015,-254059,-225347,-200163,-190317,-180607,-144842,-111783,-85122,-75951,-80815,-68129,-35088,-17763,6723,-445,33227,26858,34815,61452,69140,68529,75947,83230,73919,80932,87811,82328,114327,120801,143004,172912,178981,165185,170936,176600,181506,186901,192160,197906,176300,181155,185875,172059,176510,172746,188663,192709,180794,184570,210762,188920,192292,189038,173046,190749,197989,224835,227397,229825
-501614,-476826,-478075,-464567,-452031,-439625,-432118,-412275,-405846,-394282,-407964,-392017,-387294,-401267,-387489,-385771,-358575,-360328,-349621,-339043,-327678,-326382,-316197,-331948,-316955,-305531,-301627,-280932,-267999,-258727,-275364,-266354,-280020,-284014,-283742,-253528,-220153,-190362,-161256,-153291,-149691,-133511,-125938,-118494,-111182,-100739,-102690,-82972,-76182,-87503,-80974,-89209,-82941,-94066,-102796,-92714,-68777,-63162,-58971,-78389,-55976,-50883,-71836,-67005,-62304,-57733,-53293,-65740,-61561,-82958,-79041,-52962,-73849,-59631,-40940,-34648,-31514,-28510,-47010,-19492,-74,2408,4032
-463892,-430469,-439686,-426504,-393342,-381343,-371878,-360133,-348513,-338352,-303725,-292485,-281371,-270383,-259521,-248786,-230386,-219903,-209547,-199316,-164644,-154667,-144815,-143983,-119859,-110387,-101041,-67423,-51302,-41405,-32564,-35758,-27170,-21499,-13163,13672,29497,25227,22261,29965,19330,39154,57902,60142,46439,55598,62418,58521,65088,71529,77844,84812,90875,106228,90747,96430,93079,98348,108685,115371,109272,114198,103527,100633,105716,113618,117913,112626,116667,108870,93107,96770,100306,103716,111972,115129,93458,84751,87529,90617,97501,99901,102305
-487799,-475720,-439980,-409355,-397641,-386681,-375212,-383405,-388437,-366644,-355663,-366743,-356006,-345391,-357173,-347895,-337646,-341137,-331132,-302474,-292713,-283074,-273557,-264162,-270313,-283439,-275908,-267001,-237243,-228581,-220040,-211621,-183638,-176555,-187858,-183921,-197927,-190240,-206314,-190033,-182712,-196009,-193303,-175686,-144907,-124413,-141197,-134731,-123312,-134962,-132976,-107467,-95001,-72150,-69840,-64349,-58981,-64909,-46203,-45980,-30734,-5739,-1103,3412,3678,28904,17575,26424,10473,14256,6766,31650,35066,44203,67598,70648,87595,90401,74905,77467,61966,83156,85352
-492927,-481272,-469735,-458316,-434736,-428030,-421061,-388704,-376411,-367369,-348859,-350283,-339923,-320982,-295466,-285459,-275570,-279069,-269415,-244151,-244818,-235518,-226336,-217328,-187258,-172594,-151474,-135826,-127350,-129750,-144114,-155463,-143141,-135253,-126136,-102220,-94686,-106188,-90220,-97365,-109904,-88123,-81295,-74585,-57710,-71635,-42747,-36508,-37198,-31194,-27188,-612,8978,-8697,-3282,-1879,3301,6199,19808,10635,18280,16901,39774,51567,52884,57004,60115,64000,67486,71136,52687,56101,59398,77779,75034,77977,80803,83510,66012,68484,70839,73075,75194
-497605,-486375,-475257,-464254,-454467,-443690,-427038,-396608,-375122,-352562,-362139,-352043,-330508,-320638,-332230,-321332,-305720,-318272,-292857,-295811,-283671,-274709,-265861,-260633,-268023,-259515,-251121,-242251,-212712,-223516,-200397,-179282,-155756,-143643,-119354,-120110,-112850,-87965,-72247,-58706,-36528,-29835,-3391,3075,27976,43544,49670,49316,44537,50322,52357,57915,42101,67304,69262,63967,49140,38206,29668,28974,42302,67370,73282,83503,87587,91630,95487,90592,102134,89044,92447,95737,93148,96211,76956,100758,103481,126030,128525,117003,112209,122013,108151
-496627,-465266,-464315,-453727,-459457,-445335,-435074,-435265,-405900,-395967,-386143,-376428,-366823,-376918,-367531,-367021,-357852,-351492,-351855,-329886,-321153,-312530,-300928,-292523,-290209,-301984,-293906,-285938,-278079,-269009,-274547,-267015,-258916,-249905,-255555,-248460,-250216,-245755,-233019,-234135,-240625,-255493,-263145,-236899,-230786,-241954,-229143,-217369,-211693,-206126,-200668,-182283,-194382,-173415,-173166,-161709,-174588,-170492,-144351,-139876,-135510,-150876,-150213,-140534,-127859,-124039,-119433,-130600,-127107,-123723,-122008,-118842,-115786,-112839,-123824,-113554,-122950,-120440,-136933,-118064,-102618,-79123,-70721
-482177,-471795,-476650,-455873,-435851,-419047,-398888,-383848,-362170,-352627,-343189,-325592,-316363,-309724,-300705,-284015,-284338,-255120,-246521,-231293,-204189,-194070,-188731,-196849,-203017,-195152,-185712,-178057,-170506,-142531,-141429,-134193,-132733,-129850,-108359,-112285,-112983,-106377,-107111,-100714,-97560,-73840,-50382,-54730,-41290,-31468,-15049,-4361,1093,6441,712,14534,1423,26394,31218,28374,32988,42405,33226,50282,37947,55633,42644,46524,50299,67450,58890,62351,80876,84127,91002,94043,96980,102902,108078,107962,98188,100600,102907,120454,119339,121361,126372
-489942,-479984,-470127,-472344,-473341,-463786,-454331,-455216,-438254,-443567,-428532,-419580,-424315,-405165,-396238,-382128,-357326,-348977,-349810,-327559,-319512,-321952,-316086,-308341,-301959,-307163,-314307,-306965,-299723,-292581,-274292,-252890,-251302,-244563,-247118,-240580,-234143,-227806,-221570,-231127,-215511,-209576,-188802,-190175,-189739,-184207,-197138,-191807,-186577,-181447,-176418,-175424,-170596,-151600,-151735,-166545,-146556,-142231,-146209,-123787,-119763,-107992,-104170,-100448,-108341,-95707,-75444,-71781,-71296,-81733,-78716,-66591,-63775,-61059,-63384,-47957,-56076,-38793,-36580,-14359,3258,10528,1054
-500771,-491237,-477399,-468058,-440110,-430962,-421910,-412954,-404095,-401747,-393080,-376719,-377562,-384974,-376693,-355788,-347699,-339706,-332058,-313210,-294326,-294799,-285071,-277656,-267757,-279578,-258133,-259477,-266761,-261351,-261789,-244939,-238391,-225382,-222001,-210801,-200084,-182227,-176256,-189557,-183779,-184346,-192835,-197552,-211013,-205716,-185940,-172333,-180178,-178422,-173607,-168888,-153628,-130951,-119337,-121600,-119792,-128664,-143334,-149528,-145676,-141921,-154414,-146473,-156145,-152775,-149501,-164111,-161029,-152169,-149280,-134699,-124697,-116616,-109572,-90559,-93898,-91683,-70889,-87846,-99113,-88202,-88088
-474634,-475593,-450212,-427060,-418227,-409486,-395168,-394672,-377799,-369426,-372698,-367483,-377473,-358902,-353932,-346111,-338382,-330745,-323648,-333268,-325907,-318638,-311461,-315117,-300535,-293634,-288082,-281365,-256481,-249949,-243508,-231965,-234667,-227159,-219405,-213424,-215682,-195340,-189635,-188812,-187306,-175524,-170187,-164942,-157162,-152101,-157567,-169625,-152523,-147831,-143230,-138722,-121378,-117053,-104677,-89334,-85285,-77584,-62009,-75638,-71957,-74307,-86681,-89222,-79089,-61733,-40885,-27710,-18757,-19831,-22315,-5267,8093,-7596,-18957,-16657,-1796,16890,32613,27990,15328,10978,12635
-500238,-491553,-498560,-502183,-493761,-485359,-483467,-459242,-451172,-429461,-405277,-397470,-389750,-372016,-374050,-378345,-360982,-362221,-360974,-336433,-333361,-343808,-336966,-328439,-323112,-316533,-313494,-303396,-297080,-294057,-287916,-281863,-275897,-270020,-246882,-241180,-243948,-248760,-243321,-244217,-253090,-254795,-262556,-248307,-230458,-221071,-205263,-200613,-196051,-191577,-188670,-184371,-164768,-165392,-152475,-132562,-128702,-112619,-108935,-92030,-104254,-117242,-114105,-127745,-124587,-124277,-121310,-119761,-124854,-122135,-131074,-114990,-100662,-83831,-97039,-82725,-97561,-105407,-103477,-95154,-83578,-81912,-82816
-488493,-469046,-460869,-441249,-435703,-427776,-419933,-412173,-404497,-396904,-385328,-377902,-356218,-348959,-334555,-327463,-312880,-309601,-302759,-296001,-289325,-282734,-259846,-267148,-260806,-254548,-232487,-234986,-242853,-227032,-225462,-229919,-220096,-204963,-189464,-188209,-186091,-180834,-161246,-156157,-135141,-127938,-134671,-132720,-128047,-123458,-118952,-120064,-115725,-111470,-113459,-95450,-91444,-91549,-95189,-95842,-108270,-104682,-86069,-80258,-75320,-72065,-60663,-52080,-41584,-38664,-39781,-37367,-20666,-18079,-487,-12342,-24699,-26118,-36722,-34636,-38707,-42924,-27288,-21716,-23447,-26837,-25335
-505177,-488680,-480923,-473245,-465646,-458126,-450686,-448359,-441077,-418602,-405947,-398902,-391936,-377628,-374609,-369039,-360981,-345712,-327603,-336321,-335258,-325445,-319271,-308913,-304747,-292927,-287069,-288377,-271461,-268151,-250010,-244548,-238874,-233570,-241245,-236100,-231034,-226047,-221140,-219763,-215014,-210344,-219473,-214961,-210528,-194262,-177200,-170655,-166539,-175286,-171328,-167450,-163650,-166464,-171259,-160013,-156530,-148257,-148469,-145224,-135310,-132223,-129215,-115953,-114261,-111490,-115353,-112741,-110208,-107754,-105379,-118273,-114930,-112792,-97975,-95996,-88700,-77463,-60521,-58859,-65264,-63760,-61115
-485641,-478229,-470891,-456082,-449936,-455582,-448544,-447587,-432168,-412838,-406100,-390687,-384099,-377585,-373004,-374966,-361543,-346547,-326120,-320055,-300171,-299386,-293547,-286767,-294015,-294495,-276890,-285802,-278913,-273597,-256387,-251221,-246554,-251179,-241670,-251015,-247217,-236806,-225389,-222065,-217573,-220817,-218798,-214530,-213667,-213008,-207551,-206460,-215282,-211464,-214670,-210046,-213676,-216241,-212281,-199528,-181743,-171573,-163282,-150072,-142857,-139937,-138230,-135460,-122784,-130843,-142288,-139818,-124247,-121926,-111192,-114556,-112460,-96853,-94907,-104274,-109410,-106486,-102971,-111045,-109547,-122398,-119834
-492942,-480076,-473159,-462496,-466387,-459681,-456888,-450324,-443830,-426804,-418841,-405741,-399530,-400896,-394826,-397426,-391547,-385689,-380790,-374553,-368172,-348772,-352190,-348573,-343209,-351824,-341002,-329932,-332778,-327767,-312712,-304375,-299576,-284535,-279876,-266403,-250884,-246438,-249397,-255184,-258460,-266133,-262039,-262573,-258969,-257892,-254081,-244274,-242177,-238577,-221768,-209418,-198792,-195035,-202515,-211899,-208793,-205758,-202794,-202044,-199220,-196468,-190036,-195871,-193330,-204226,-201826,-208416,-205321,-215876,-217017,-202506,-209355,-207450,-201032,-199267,-197573,-206479,-204927,-194368,-206243,-194568,-197843
-494991,-488428,-476841,-468302,-474186,-473549,-467317,-473491,-470217,-463534,-457588,-445247,-439412,-423852,-418150,-410146,-404577,-405533,-387726,-382356,-386922,-381684,-364086,-361457,-349765,-353904,-344496,-327470,-333931,-319988,-327879,-323304,-311725,-305963,-301588,-300441,-296198,-293494,-294947,-300164,-298529,-288542,-276272,-282476,-278764,-278719,-274701,-284011,-285452,-282071,-277086,-273838,-274640,-271524,-268474,-265491,-257433,-265147,-264461,-261742,-268494,-260233,-257713,-250096,-239144,-234152,-242015,-250739,-235811,-233755,-231766,-229844,-225896,-224106,-225940,-219917,-218326,-216801,-215342,-213950,-210200,-210514,-211427
-493799,-487660,-492671,-476240,-470287,-452895,-455348,-449581,-455478,-438069,-432488,-415302,-409845,-413988,-418593,-413322,-408113,-407837,-402752,-401671,-385372,-377210,-372373,-367598,-373738,-361287,-356698,-341289,-326019,-327655,-323314,-324936,-320719,-316564,-311029,-317060,-313092,-309185,-312215,-310138,-306418,-309328,-296007,-288933,-295937,-285896,-282548,-289408,-293222,-296527,-282230,-279191,-276215,-273300,-277273,-284059,-293714,-291048,-288443,-285901,-283420,-281002,-282245,-288322,-286090,-280601,-282606,-278938,-278994,-279499,-277638,-278047,-280313,-276089,-274477,-261793,-270048,-258281,-256917,-255786,-254546,-263159,-262042
-503311,-496956,-485348,-479748,-474206,-468722,-455712,-451099,-445788,-437338,-438894,-427394,-417258,-420338,-422753,-408238,-412132,-416768,-412811,-419258,-414640,-410079,-406097,-401652,-396989,-392659,-399255,-406282,-401351,-388084,-376772,-372789,-360338,-348039,-344229,-330681,-332634,-328997,-321378,-321776,-318312,-308346,-306029,-302739,-299506,-304976,-307021,-303961,-300960,-298016,-291014,-278244,-264032,-258137,-266525,-258736,-256196,-242793,-230046,-223678,-215176,-205072,-202879,-201380,-199302,-197282,-199891,-197986,-191203,-196251,-194520,-192845,-193373,-191814,-185074,-189565,-192893,-190657,-189387,-179253,-178099,-175419,-181521
-494656,-489365,-492613,-484955,-474843,-469766,-464743,-457441,-452525,-437099,-429091,-424335,-412610,-415433,-405284,-399392,-398075,-401129,-392226,-377565,-381627,-377405,-367918,-367644,-371578,-367570,-372158,-370011,-366163,-352033,-347497,-345016,-338798,-330848,-327321,-323847,-320427,-317609,-309775,-306515,-313926,-315532,-314420,-313531,-310538,-312795,-314911,-305095,-302316,-299591,-301763,-289177,-279918,-277406,-280125,-270915,-268564,-257140,-254896,-252705,-250567,-256082,-258689,-256712,-254788,-252918,-254734,-248652,-237169,-241072,-245243,-243693,-231876,-235188,-233799,-221824,-223361,-230567,-229391,-219414,-218549,-221898,-212244
-504157,-496214,-491396,-486428,-483839,-477613,-472993,-462399,-448804,-440122,-435698,-433507,-431965,-427689,-425472,-418534,-424163,-425132,-412038,-401415,-404191,-391479,-396748,-389852,-393774,-390088,-386450,-382862,-371454,-359002,-355561,-352169,-348827,-345533,-350557,-344585,-348261,-345164,-351653,-350735,-355178,-352278,-353758,-360146,-359264,-356561,-353907,-349673,-350021,-347515,-353453,-360005,-356026,-345045,-345286,-339477,-330454,-326301,-320228,-320180,-313376,-314274,-312406,-317949,-316180,-314459,-310295,-300458,-298885,-297361,-300197,-298772,-297395,-293667,-292389,-291161,-288498,-281872,-287872,-289652,-290763,-281728,-280843
-491816,-483288,-469981,-465629,-457346,-455715,-449328,-445156,-436299,-428835,-418914,-414921,-407071,-402330,-403548,-402275,-401132,-397408,-393729,-393428,-389839,-387517,-383705,-384948,-381538,-380542,-383886,-376342,-373111,-369925,-366785,-357730,-354679,-349602,-346329,-343245,-337842,-338169,-330007,-333189,-327887,-325240,-317201,-314644,-303840,-301373,-306014,-300005,-289965,-281695,-274463,-263686,-266055,-263946,-262533,-267775,-266561,-267946,-269175,-274269,-272475,-270725,-260152,-252421,-251576,-250005,-248480,-251507,-251063,-255125,-253779,-252478,-251222,-246479,-238471,-237349,-238402,-228846,-220780,-222936,-222039,-221187,-213670
-495942,-488370,-489916,-485979,-485517,-478297,-474482,-464373,-460639,-456946,-454006,-450336,-440102,-432238,-428164,-423812,-423317,-419949,-416621,-405574,-410047,-409999,-406834,-397404,-394320,-396295,-387217,-387958,-385036,-382155,-383724,-373661,-377848,-378690,-373431,-370793,-373535,-369940,-359660,-350660,-346449,-342445,-343186,-340872,-338600,-336368,-342117,-332302,-324577,-315331,-313302,-311313,-310159,-313750,-308750,-306923,-309146,-312765,-312379,-310715,-313917,-312334,-303543,-308249,-306788,-305809,-304429,-309774,-316071,-314813,-307950,-306773,-305637,-303560,-295650,-293342,-291081,-290147,-290828,-289976,-294465,-292825,-291320
-501739,-492653,-482833,-486348,-482864,-477577,-468003,-464627,-455683,-446010,-448361,-439634,-436440,-433282,-432562,-429477,-426428,-423415,-422776,-425270,-422366,-419499,-421909,-416739,-413980,-412438,-409752,-404232,-395276,-387939,-390211,-383048,-381538,-376480,-371468,-373721,-371398,-365501,-363251,-361037,-358859,-359307,-356967,-351042,-351135,-349138,-347004,-345081,-339796,-334530,-332715,-331567,-332651,-329225,-321929,-322354,-320757,-318390,-316553,-320428,-318976,-321212,-321513,-315987,-314681,-313410,-312176,-311150,-303844,-302719,-297531,-291977,-290960,-289980,-289037,-288129,-287258,-286423,-280166,-279404,-275301,-280088,-279435
-493253,-494764,-491627,-488521,-479354,-472532,-471783,-467452,-460720,-457082,-452603,-449754,-451166,-445628,-442875,-442058,-440580,-439488,-434420,-431827,-429266,-427476,-429475,-422370,-422933,-414732,-412364,-406016,-403711,-401596,-399356,-394122,-391548,-387293,-390170,-388090,-386041,-378815,-377221,-375268,-367720,-368683,-370267,-371901,-370108,-363325,-361597,-356479,-354815,-354737,-351433,-349196,-344587,-343819,-342346,-338510,-330845,-329468,-330260,-329053,-327773,-326524,-326933,-326129,-329796,-329282,-324424,-321915,-320891,-319898,-321276,-316764,-315868,-313344,-317569,-316769,-321541,-322022,-318387,-320192,-319552,-313563,-312987
-492223,-485980,-482208,-479519,-480459,-477825,-475807,-473228,-466209,-458954,-458453,-453914,-451474,-449062,-451513,-445767,-443438,-441591,-439318,-441077,-436379,-433622,-431460,-429325,-427218,-426040,-423315,-421291,-421571,-423414,-416047,-411960,-410075,-404675,-402845,-401042,-396615,-396589,-390195,-388504,-389805,-388169,-381384,-383280,-380174,-375220,-373723,-375587,-373744,-369218,-372773,-371415,-365786,-362452,-361177,-354968,-353748,-352543,-349635,-348498,-342296,-336632,-336649,-332272,-331528,-333462,-333363,-334301,-333414,-332554,-333065,-332261,-333461,-329061,-329912,-329219,-327982,-325960,-320305,-319722,-319168,-322623,-319982
-494194,-496176,-489215,-486322,-487828,-485601,-483398,-483026,-478959,-480700,-479862,-477179,-477226,-473683,-468802,-467567,-462676,-460730,-461738,-459839,-458451,-457391,-455563,-456282,-454500,-449829,-443470,-441759,-439305,-438391,-436750,-439131,-437537,-435203,-433466,-431942,-425891,-422652,-420936,-419506,-414346,-413486,-414023,-412686,-408649,-407732,-405214,-399822,-398511,-400080,-394296,-394420,-396024,-394922,-393844,-393608,-392521,-394096,-393103,-392142,-393387,-390673,-389459,-388592,-386768,-381294,-380497,-382434,-381684,-383769,-384281,-388002,-382932,-380398,-376261,-375675,-375112,-376013,-375498,-376593,-376120,-380180,-379758
-500891,-495914,-494620,-489333,-489855,-488035,-483585,-478228,-477514,-475771,-477513,-475808,-474123,-472456,-470809,-469181,-467782,-465822,-467371,-465820,-461858,-458098,-453798,-452323,-453854,-451169,-449433,-448615,-447236,-445876,-444535,-443214,-441911,-440628,-437929,-439108,-438023,-436816,-435629,-434919,-433770,-436029,-434918,-431893,-430820,-426103,-425069,-425477,-424481,-424296,-423339,-422623,-422871,-422340,-420698,-417256,-417454,-416630,-415826,-414246,-411436,-412352,-409350,-405578,-405694,-405288,-404981,-402554,-399926,-399332,-398758,-401523,-400986,-403643,-403145,-399362,-396605,-395298,-392074,-391672,-392606,-392242,-391792
-498551,-497079,-494726,-493283,-489219,-490308,-486227,-485243,-486834,-488266,-486928,-485604,-486090,-484796,-484623,-485123,-481486,-480252,-481253,-478924,-477735,-477641,-476481,-475336,-471922,-471463,-470980,-469895,-469190,-467141,-466101,-465075,-463491,-462208,-461227,-460258,-459842,-458905,-459489,-459680,-460034,-459157,-459498,-458651,-458584,-457766,-456133,-454286,-453513,-452643,-451000,-448280,-449894,-449195,-448349,-446734,-446079,-446484,-447034,-446424,-448015,-444725,-441473,-440923,-439247,-439675,-439169,-441213,-439939,-441361,-438890,-438459,-436792,-434453,-434190,-432039,-430151,-429809,-429354,-429041,-428744,-427761,-425463
-498333,-495213,-494634,-492337,-492434,-491429,-488723,-486199,-486039,-483547,-483672,-482217,-479837,-479164,-476619,-475719,-474830,-473858,-473295,-471611,-472632,-471796,-470970,-471753,-470365,-468675,-467943,-467182,-466179,-463327,-461633,-460902,-459453,-457021,-457553,-457268,-456591,-454244,-453438,-452792,-451707,-451083,-450469,-449866,-449862,-449609,-449615,-450241,-450314,-450423,-448701,-448182,-448912,-448051,-448782,-448306,-448318,-447863,-447419,-447896,-447473,-448334,-447931,-445609,-443664,-444024,-445488,-445139,-443074,-442774,-442456,-442150,-443492,-445012,-444737,-444472,-444218,-444729,-444749,-444366,-443441,-441975,-441784
-498824,-497689,-497072,-497152,-496095,-495068,-495461,-496005,-495425,-493916,-493350,-492789,-491773,-492256,-492603,-491872,-491722,-492223,-491706,-491196,-490692,-490633,-490620,-489676,-490420,-489947,-489481,-489044,-488259,-486657,-485248,-483823,-484431,-484010,-483954,-483545,-482902,-481811,-480425,-480899,-480794,-480809,-480777,-480729,-480377,-480061,-480763,-481045,-480717,-480396,-480081,-479773,-479888,-479210,-478391,-477303,-477026,-477670,-476456,-476665,-476586,-476636,-475600,-475949,-476956,-477040,-476826,-476278,-477193,-475789,-474853,-473763,-474489,-473086,-472922,-472097,-471946,-471062,-470924,-470475,-471549,-471852,-471738
-499799,-499600,-499045,-498731,-498371,-498180,-497827,-497981,-497412,-497625,-497444,-497408,-496969,-496794,-496435,-495997,-495945,-495553,-495335,-495172,-495011,-494992,-494790,-494984,-495225,-494931,-494402,-494015,-494124,-494093,-494197,-494456,-494320,-494424,-494292,-494161,-493848,-493492,-493367,-493391,-493240,-493121,-492934,-492819,-492819,-492829,-492720,-492548,-492777,-492633,-492239,-491881,-491384,-491234,-491142,-491051,-491362,-491172,-490736,-490316,-489888,-489809,-489528,-489718,-489772,-489335,-489549,-489871,-489807,-489556,-489495,-489437,-489381,-489560,-489758,-489812,-489882,-489836,-489473,-489600,-489743,-489705,-489437
-499803,-499897,-500120,-500243,-500461,-500299,-500088,-500600,-501218,-501425,-501560,-502079,-502279,-502857,-502721,-502512,-502703,-502892,-503078,-503014,-503292,-503749,-503671,-503474,-503656,-503983,-504255,-504397,-504179,-504388,-504547,-504863,-505018,-504762,-504964,-505111,-504815,-504699,-504840,-504834,-504861,-505080,-505212,-505689,-505511,-505411,-505534,-505625,-505932,-506409,-506106,-506218,-506327,-506030,-506107,-506095,-506625,-506290,-506385,-506892,-507311,-507200,-507546,-507807,-507889,-508167,-507981,-508480,-508553,-508633,-508701,-508488,-508552,-508351,-508667,-508724,-508357,-508446,-508522,-508472,-508791,-509232,-509517
-501164,-501169,-501812,-502448,-502038,-502848,-504202,-504688,-505657,-505178,-506893,-507065,-508651,-509222,-509117,-510647,-511639,-512184,-512722,-512404,-513400,-515086,-514287,-514274,-514343,-514404,-515750,-516229,-516701,-517167,-517626,-518259,-518378,-518925,-519358,-519784,-520204,-521448,-521855,-521366,-521759,-523100,-523480,-525106,-525473,-525834,-526188,-527848,-528189,-528310,-528429,-529922,-530237,-531714,-532016,-532311,-532600,-532305,-532581,-532849,-533112,-532448,-533163,-532099,-532335,-532565,-532139,-532356,-532981,-534030,-534826,-535682,-536573,-535767,-536072,-536992,-537452,-537603,-537330,-537468,-537727,-538219,-537448
-501085,-502158,-505233,-505370,-506028,-508552,-511621,-513096,-515220,-518227,-519203,-521079,-523194,-524138,-525070,-525621,-527677,-528577,-529466,-529973,-532535,-534408,-535254,-537017,-537841,-537388,-538190,-537867,-540683,-543387,-545566,-544175,-544171,-544897,-544014,-544719,-544525,-546830,-548389,-546927,-547578,-548217,-547146,-548904,-550312,-550909,-551494,-552069,-554594,-553673,-554956,-555487,-557534,-557112,-557610,-558646,-558024,-560538,-562877,-561643,-562084,-563394,-563806,-564208,-566089,-566951,-568419,-566681,-567262,-565876,-566201,-566516,-565821,-567173,-569527,-569305,-568052,-569833,-571018,-570272,-570489,-571446,-571703
-503123,-504621,-507111,-510587,-509129,-507796,-507099,-510982,-512374,-513515,-516102,-519015,-519703,-523998,-524551,-523544,-524428,-525684,-526925,-525829,-529020,-530026,-529253,-530812,-529986,-530179,-533076,-531301,-532390,-535505,-539319,-540363,-539854,-538716,-538630,-536638,-538051,-538173,-537685,-541594,-542502,-543395,-544272,-545419,-544946,-542815,-542424,-543335,-544121,-544893,-543130,-546014,-548067,-548778,-552113,-553601,-554267,-557750,-559747,-562604,-561011,-558872,-559447,-560007,-559174,-559704,-559528,-562494,-562978,-563447,-563901,-564340,-566537,-566945,-567759,-570943,-571306,-571681,-573178,-576465,-576768,-577734,-580795
-501942,-505797,-504608,-508214,-510078,-511922,-511743,-515470,-517257,-519024,-523012,-524287,-525996,-527541,-531575,-533225,-531901,-536979,-535341,-534273,-537942,-539476,-539100,-540595,-542071,-541206,-541317,-542735,-544133,-545512,-543142,-544482,-541942,-545430,-549322,-552677,-553920,-555143,-556347,-557531,-558696,-559842,-557482,-558589,-558821,-562555,-560688,-559006,-560016,-561006,-564380,-563823,-564755,-568831,-568332,-569206,-570879,-571714,-572530,-573326,-574103,-575979,-579294,-580013,-580712,-583679,-581116,-583819,-584440,-585211,-588540,-590422,-590966,-591538,-589831,-590316,-589059,-589505,-591038,-594585,-594974,-595342,-593931
-501999,-500097,-502680,-504619,-506537,-506814,-508693,-510552,-512391,-515212,-514230,-512809,-515470,-518305,-521741,-521311,-525510,-529135,-530774,-532267,-537589,-539035,-538701,-540240,-545520,-547019,-548498,-549957,-551550,-550213,-551612,-552991,-555923,-557262,-558582,-559881,-562031,-563290,-564530,-566494,-567693,-566241,-564428,-566281,-567400,-568500,-566575,-564456,-562657,-563677,-565245,-566224,-570929,-571869,-575577,-576477,-577356,-580272,-581112,-580198,-580997,-584179,-582202,-583878,-580603,-577485,-578164,-580594,-582877,-583497,-584096,-582541,-583101,-587563,-588083,-586283,-588305,-588764,-589204,-589624,-591351,-595357,-595717