,1,2,3,4,5,6,7,8,9,10,11,12,13,14,15,16,17,18,19,20,21,22,23,24,25,26,27,28,29,30,31,32,33,34,35,36,37,38,39,40,41,42,43,44,45,46,47,48,49,50,51,52,53,54,55,56,57,58,59,60,61,62,63,64,65,66,67,68,69,70,71,72,73,74,75,76,77,78,79,80,81,82,83
1,148626,299057,429310,591960,709751,849464,1017584,1151938,1311385,1437182,1547132,1670768,1791725,1910003,2045913,2144539,2254778,2362338,2467219,2598909,2726483,2819361,2929505,3039140,3099534,3185658,3235746,3324359,3370023,3469667,3542394,3612442,3648247,3712936,3774946,3813477,3891562,3909602,3979398,4028010,4055583,4098837,4165289,4203184,4238399,4294601,4324457,4351634,4400906,4422724,4473030,4489490,4541130,4568987,4577409,4549692,4541239,4541622,4539325,4562746,4582738,4593553,4588984,4589897,4588604,4567551,4543819,4503513,4474422,4442652,4412862,4386608,4356921,4313113,4267945,4200864,4170532,4117327,4040940,3992075,3930831,3866908,3833344
2,197513,422019,624506,902228,1118392,1305961,1532534,1742775,1951277,2106029,2297444,2484146,2667441,2846675,2983377,3154491,3321544,3484537,3620123,3774995,3913731,4051937,4194629,4276938,4411509,4542019,4658881,4781271,4899600,5049099,5118371,5224519,5326608,5431936,5525903,5563969,5621030,5742828,5820554,5858201,5927806,5993351,6013153,6070577,6123941,6173245,6228549,6323960,6355813,6388875,6412011,6436953,6510564,6527385,6540146,6605917,6610558,6624071,6650055,6642444,6680750,6665089,6645367,6621585,6593743,6541337,6519757,6479734,6480794,6407856,6329726,6273461,6213137,6134564,6013383,5987431,5910865,5835231,5808372,5719625,5678683,5532478,5378400
3,205026,405329,614503,852413,1043884,1241466,1446118,1638579,1813907,2005776,2152982,2317607,2478665,2666292,2822470,2972824,3121901,3306932,3446583,3582666,3715182,3844130,3981218,4125847,4244091,4391263,4537184,4644726,4790176,4890582,4987238,5080508,5166976,5257600,5372372,5451371,5526803,5598668,5700240,5780218,5834982,5893813,5940398,6027422,6111123,6203195,6242950,6279137,6311756,6359055,6384539,6411892,6430241,6445021,6456234,6463879,6467957,6457410,6427618,6448766,6438572,6424153,6356505,6362425,6310823,6282791,6252317,6217149,6158182,6115878,6108510,6059072,6006784,5899970,5819888,5731996,5621991,5501289,5389697,5311716,5269509,5157182,5057169
4,307777,552994,833700,1075494,1316846,1544591,1742696,1965733,2180376,2390651,2606030,2863182,3037453,3230257,3373309,3590623,3750337,3925670,4096635,4263233,4425463,4583325,4728016,4819903,4958797,5100102,5236126,5403831,5573495,5738472,5911478,6069758,6241963,6347412,6498510,6619613,6661897,6692029,6725594,6810551,6895321,6965829,7031969,7112860,7170265,7223301,7271970,7306853,7395993,7468225,7442269,7520613,7496565,7526663,7540390,7538367,7485579,7486203,7456801,7448690,7446077,7486321,7432576,7406993,7422350,7400258,7408960,7386142,7346644,7294856,7297882,7209846,7144954,7058918,6987682,6867580,6785217,6689073,6566037,6448413,6374592,6223853,6168278
5,397267,787582,1183165,1531544,1984775,2311603,2736852,3165406,3422901,3698629,3996989,4266532,4621584,4897482,5279453,5548280,5863474,6086231,6452944,6641950,6853753,7030942,7275262,7461104,7634705,7880961,8165765,8317230,8423240,8616207,8804909,9003087,9177884,9329710,9467484,9532803,9679792,9819829,9882497,9943179,10062359,10111167,10186262,10370260,10461631,10508513,10585980,10677602,10816504,10851856,10901514,10944220,11018696,11047498,11093392,11108290,11132754,11071149,10986254,11019507,11045842,11000922,11005019,11014459,10966787,10912163,10752544,10734490,10576566,10494133,10470645,10374308,10229140,10048719,10014513,9890367,9718093,9505868,9343100,9191145,9032238,8800176,8612345
6,464964,900193,1374838,1718005,2195802,2513732,2983738,3372454,3847694,4220906,4655227,5012935,5362890,5705093,6145694,6472393,6813894,7179308,7419234,7623333,7918683,8158462,8391116,8655797,8902840,9152018,9493561,9786742,9974895,10236466,10493836,10709860,10904772,11091932,11321029,11559889,11723792,11984509,12128436,12269083,12401977,12447075,12627883,12708280,12915160,13009293,13095675,13174304,13245181,13308306,13300516,13345951,13445251,13477367,13555273,13557104,13582633,13583741,13648720,13679140,13550129,13616793,13654596,13643936,13543040,13441190,13372528,13376627,13394606,13280828,13200547,13058972,12873945,12711329,12539509,12439720,12293537,12139601,11927634,11691208,11560159,11338117,11252185
7,534881,931746,1541199,2016014,2505482,2985740,3456787,4028787,4478708,5050734,5484940,5954037,6251557,6658131,6970144,7358298,7724941,8138887,8499409,8850721,9192822,9525713,9873954,10287200,10592460,11008675,11323805,11487637,11756055,12000013,12251240,12480106,12711682,13016957,13230112,13322761,13504518,13690042,13866356,14033459,14191352,14323039,14462511,14668522,14789573,14871950,15048187,15129329,15122757,15071912,15137701,15211647,15346621,15254010,15372567,15436764,15333774,15243006,15235111,15134457,15009930,14974404,14929668,14874865,14809095,14659747,14660694,14503557,14419556,14351459,14233039,14105409,13968569,13826207,13714137,13477607,13276328,13111968,12919865,12732996,12627969,12493086,12190205
8,572024,1069673,1592803,1996333,2528316,2959262,3471224,3863494,4245982,4727913,5228681,5690591,6142490,6584379,7132052,7553919,8088256,8492209,8884046,9198023,9569839,9935590,10287384,10551584,10871165,11081584,11372585,11582868,11738014,11941983,12332158,12718684,13094162,13229942,13440855,13662514,13875242,14100284,14204832,14386450,14659843,14791072,14942659,15149107,15280672,15266284,15252840,15287471,15354549,15436062,15420125,15481618,15555708,15630244,15661705,15723222,15734663,15874175,15846115,15711304,15623294,15490648,15321591,15164238,15095595,15019354,14934773,14774776,14757488,14638793,14372380,14322537,14184619,14025882,13767294,13562274,13457415,13159698,12822799,12562957,12384747,12145927,11897097
9,624755,1191776,1868807,2628463,3316803,3957000,4584920,5200562,5762257,6353343,6947877,7514408,8035878,8514137,8942986,9460406,9965548,10458413,11005999,11337569,11809344,12358663,12686750,13119051,13572131,13908994,14260107,14630194,14988003,15420011,15771971,15994770,16303469,16686438,16858171,17016859,17419779,17520775,17750839,18040830,18251306,18310215,18496136,18669778,18831143,18862417,18879911,18919735,19031989,19154384,19378115,19362737,19366839,19488810,19527398,19553707,19417942,19499019,19488495,19548821,19513742,19505857,19363732,19146063,19061872,19088466,18979720,18858697,18632988,18553858,18285244,18115109,17932697,17787752,17703619,17410514,17178990,16935189,16600044,16331687,15956356,15547952,15328180
10,662023,1396246,2215794,3023968,3587775,4331353,5003579,5618180,6255727,6885328,7391886,8036066,8678602,9255892,9740657,10291791,10818632,11195885,11786917,12205134,12853935,13326603,13786193,14227366,14584336,15004693,15411972,15907445,16216633,16399110,16646935,16988825,17317637,17649049,17919217,18208796,18310590,18706584,19124850,19362118,19586308,19702500,19720099,20060758,20050278,20295086,20440809,20547866,20667435,20773925,20710333,20626292,20693549,20575561,20616663,20644687,20641293,20735841,20712453,20657673,20496116,20395154,20216926,20315311,20067853,19824428,19614720,19487357,19188217,19081400,18967490,18751277,18638037,18434889,18214436,17980904,17594273,17507883,17213370,16927528,16628607,16465267,16140191
11,898844,1614808,2367984,3055327,3891251,4732251,5717097,6498557,7394165,8151441,8681587,9533032,10257212,10951569,11732992,12395890,13043057,13765179,14380887,14814685,15549072,16117591,16558399,17302615,17823945,18340791,18830661,19240174,19698585,20141265,20685780,21205513,21601004,22111413,22475445,22752914,22861248,23366307,23667420,23952803,24215613,24416719,24778635,24784948,24970531,25260091,25435365,25547858,25691673,25810876,25955115,25847827,25764788,25894438,25880068,25727622,25745598,25929990,25916507,25887295,25902719,25951545,25875143,25783012,25460912,25529262,25528892,25433543,25154369,25129612,24914527,24889845,24843185,24593756,24175541,23894653,23401254,23103894,22775816,22616738,22363634,21988367,21456151
12,1003671,1938213,2906756,3718883,4652298,5384393,6512286,7462616,8391942,9309791,10191090,11250019,11827776,12603112,13211076,13815232,14303882,15008961,15840147,16455316,17152376,17672137,18289395,18947517,19529646,20001253,20548254,21309011,21820884,22503745,22980489,23652489,23926177,24373654,24780141,25240107,25440330,25610455,26055075,26569756,26694712,26978506,27003349,27048305,27418300,27793193,27988909,28002066,27971373,28114396,28165347,28257311,28272651,28426861,28308546,28426066,28200108,28009882,27918367,27885748,28029663,28204392,28121399,28018522,27898082,27939941,27784372,27611238,27427315,27055691,26631490,26176355,25915401,25636882,25124733,24811086,24417290,24030559,23821288,23352723,23180449,22761416,22351921
13,1208969,2043570,3420298,4484518,5786884,6824064,7567176,8564574,9542081,10499697,11437423,12076281,13011253,14051896,14658060,15315343,16255760,17054247,17718565,18477270,18980458,19728535,20571221,21119163,21554205,22120023,22829365,23219719,24058364,24494104,24985408,25507529,26262539,26742768,27005279,27445725,28063680,28572198,29066714,29610139,29863450,30100763,30650860,30718035,31257796,31226762,31178136,31379889,31361592,31523563,31557495,31833838,31848475,32129732,32192247,31983838,31854346,32080071,32063022,32002490,31945658,31732964,31636350,31786502,31650106,31599521,31370920,31174850,30801140,30697152,30441409,30317847,30105840,29790424,29619149,29263950,28888860,28493879,28079007,27525413,27157203,26682657,26000425
14,958308,2324832,3794583,5059570,5980929,7380212,8502979,9456834,10510286,11567193,12602146,13388081,14379127,15181607,15908749,16820277,17873166,18961640,20007424,20844795,21450086,22509157,23280668,24030225,24448623,25013013,25696710,26640517,27280306,27780914,28376796,28950725,29339192,29869213,30678083,31066219,31530380,31972587,32392841,32533102,32833445,32986946,33319385,33629871,33918404,34111602,34294012,34602405,34664186,34842951,35131921,35171041,35283945,35606224,35599332,35822142,35847232,35850368,35996325,36194278,36131554,36036744,35910201,35970679,35820141,35420868,35226422,34704427,34292215,34031908,33464397,33429623,33103456,32830985,32165436,31536671,31001067,30343363,30095557,29394851,28893056,28369306,27823604
15,1033545,2342843,3221198,4335854,5572862,6620285,7718347,8746169,9682334,10914229,11826346,12799157,13750884,14896274,16047997,16936477,17803875,18656065,19654012,20582535,21186566,21971746,22613219,23333038,24082129,24759783,25410177,26182703,26548763,27142087,27551778,28102937,28844082,29446576,29934487,30401315,30847061,31271724,31479609,31732544,32267186,32429237,32793338,33091506,33368591,33688883,33769118,33722693,33752249,33923922,34045282,34174789,34253294,34187612,34079102,33954552,33978646,34122141,34104070,33778467,33542034,33460715,33659084,33647901,33773504,33656279,33469548,33261734,33032837,32782858,32621944,32329800,32094104,31462978,31324231,30947756,30510601,29871083,29244667,28765731,28460503,27807151,27183238
16,1209635,2522614,3465453,4662131,6162581,7076580,8371010,9253226,10446902,11427221,12790712,14068961,14932124,15792141,16996598,17845087,18607512,19505564,20401548,21254857,22350373,23158939,24061115,24824938,25566390,26285471,27183700,27858038,28510005,28943843,29431394,30016246,30396113,30936223,31393469,31809776,31976293,32426917,32868200,33522613,34174426,34769458,34892665,35209061,35686993,36217179,36466460,36375245,36269512,36235429,36702420,36965251,36775298,36900592,37041314,37089253,37114820,37365335,37377827,37336281,37272362,36883551,36650737,36294801,35842444,35816177,35858914,35638396,35647929,35382668,35184200,35068474,34730371,34143632,33766514,33493106,33270400,32915515,32269084,31878005,31340720,30963365,30407276
17,1248404,2221618,3502466,4846252,6007267,6961465,7959115,8809033,9894347,10865021,11894954,12888932,13978272,15014762,15957307,16878005,17776855,18632386,19266308,20311969,20991381,21771988,22652116,23398037,24018961,24883177,25563557,26222090,26755850,27293475,27886467,28517537,29210614,29711057,30216661,30808213,31209679,31359133,31774265,32410862,32700691,33053365,33576514,33963001,33946123,33932012,33889701,33963485,34163229,34341127,34497177,34900571,35198721,35289230,35357893,35144756,35126782,35108818,34914075,34873502,35120061,35035793,34929679,34801718,34343470,34383233,33991766,34038852,33969308,33644830,33478067,33351116,33295132,33188708,32820429,32443565,32154764,31723146,31110051,30632536,30145081,29570457,29027401
18,1181875,2343066,3347883,4409163,5508307,6703271,7891042,9005003,9837274,11035253,12126108,12810626,13820879,14948918,15841234,16956275,17513370,18343637,19153221,19833054,20816728,21564264,22546485,23197257,23882744,24726975,25527983,26151422,26754178,27052427,27613817,28092244,28773548,29219862,29595318,30164841,30586852,31288975,31684903,32060148,32241451,32808260,33233327,33396782,33615157,33981101,34159856,34369639,34707825,34876242,34963869,35201492,35307861,35393547,35581298,35589684,35613321,35616276,35370548,35446857,35387763,35035238,34934779,34880119,34965185,35066274,34883083,34903860,34785519,34671083,34233032,33946428,33532477,33204507,32855854,32453990,32063971,31420467,30758759,30117220,29644471,29353092,28980796
19,1227589,2433695,3618318,4509702,5765426,6604803,7459586,8290133,9139315,10028738,11116348,11882860,12852655,13800968,14727797,15759593,16359898,17327715,17972427,18649268,19447201,20121550,21048499,21971420,22912792,23786419,24676122,25506576,26132646,26737233,27320338,27585817,27878655,28397311,28964414,29304845,29759053,29977629,30231731,30481217,30964944,31311738,31402993,31706821,31701130,31875767,32115147,32317382,32222548,32397480,32550928,32682894,32793377,32882377,32882015,32623989,32465342,32683697,32516884,32562728,32493104,32410242,32259078,32277399,31941973,31773180,31582904,31159985,30646674,30391949,30281139,29983449,29946023,29704384,29625257,29211843,28517196,28119299,27671229,27468449,26977414,26464896,25930895
20,1354447,2784582,4091624,5374962,6426463,7684692,8896922,9757475,10922300,12044600,13061308,14486080,15758161,16618381,17640989,18455391,19430592,20385672,21313468,21949069,22556103,23412790,24117554,24926836,25709456,26471332,27209506,27923977,28928429,29628516,30573304,31325849,31631354,32494219,33229529,33819710,34320855,34909468,35363208,36107395,36513729,36896360,37255289,37485772,37797295,38236772,38567110,38597557,39089250,39266832,39340534,39486137,39469343,39786284,40059866,40110657,39867168,39874077,39853760,39532753,39651269,39319975,39204847,39344049,39255491,38859860,38505148,38514356,38257011,37975963,37671213,37364702,37164003,36613590,36420373,35674577,35071261,34600591,34106218,33733293,32897976,32076725,31765689
21,1297039,2565305,4042343,4961560,6162056,7027690,8465152,9597158,10707294,11794840,13164721,14518709,15768965,16489554,17407554,18271479,19161509,19885923,20624750,21486396,22017592,22596625,23395092,24049061,25018098,25705907,26234618,26915544,27538234,27970460,28714108,29304674,29692233,30237620,30760417,31538303,32015920,32432727,32865163,33322979,33817966,34182633,34706743,35196627,35398633,35989979,35938172,36228100,36216760,36132932,36599267,36906609,36905181,37144596,37139975,37141668,37167485,37083316,36926193,37009537,36813398,36726265,36616542,36346377,36083670,35818575,35618493,35256521,34974637,34706784,34416341,34103309,33767686,33449510,33049589,32450512,32062145,31356717,30885554,30391802,29634845,29095913,28534391
22,1247622,2238984,3422215,4433501,5593790,6732244,8152299,9049618,10395607,11448930,12534958,13542413,14820094,15832446,16774400,17694521,18592809,19469263,20323884,21156671,21967625,22588858,23356146,23947599,24626217,25251322,25879193,26646948,27283235,27897689,28395209,28965996,29514949,30105614,30841624,31325077,32070323,32220404,32375628,32811519,33227876,33580329,33676161,33901660,34188613,34476207,34631244,34856142,34785806,34798288,34954240,35088360,35200646,35291098,35359717,35463827,35396681,35399800,35381086,35340538,35229916,35154844,34787501,34496921,34347207,34175659,33767575,33718740,33481692,33222811,33152354,32705856,32471015,32215696,31847648,31457766,31151235,30717686,30262304,29785089,29022180,28707873,28165157
23,1236193,2611518,3804445,4912937,6062597,7013090,8143640,9422782,10485908,11590154,12610014,13608240,14596420,15308200,16120773,16769569,17726321,18594747,19690998,20516157,21437636,21985983,22769869,23577449,24294441,24989799,25585520,26237612,26868070,27599150,27925373,28490931,29017378,29539670,29781118,30499260,30944120,31379878,31794003,32322633,32842757,33191982,33519573,33771714,34247314,34510005,34751063,34970487,34898528,35125674,35161891,35186994,35389402,35328756,35291770,35229765,35254489,35072915,35054372,34716636,34654826,34571383,34379131,34126298,33740781,33682691,33491081,33277838,33042961,32786451,32515771,32367653,32046243,31703199,31418875,31032565,30624621,30195044,29546661,29136312,28342968,27826857,27245455
24,1234039,2375938,3768292,4811851,5854867,6876476,7916679,8936543,9874741,11126434,12085281,12886941,13805109,14677605,15555095,16233698,17160272,17791464,18775499,19637046,20329368,21308949,21883110,22723771,23180845,24070640,24704060,25317140,25951349,26630833,27182896,27558469,28103036,28634589,29105296,29555663,30142464,30552153,30796551,31164384,31633108,31851664,32398662,32872477,33303651,33433888,33660525,33786399,33704536,34093250,34187038,34520081,34729114,35067923,35257315,35056912,35080157,35083063,35039605,34868395,34877031,34798580,34699790,34520861,34381392,34176141,33995994,33795508,33460291,33219127,32779931,32431289,32129107,31927024,31584164,31328912,30945374,30509185,30220493,29867795,29527893,29196572,28690999
25,1082084,2145231,3189442,4214716,4958805,5946206,6914671,8027891,9140858,10052514,10945233,11633955,12227966,13063876,13880849,14883411,15746827,16506991,17001599,17723890,18441972,19113138,19644580,20291125,20976506,21735649,22554610,23125409,23615780,23918303,24562550,25014113,25711047,26168227,26650647,27172808,27452962,27834397,28133800,28378350,28702975,29005255,29513296,29840669,30008817,30238760,30590023,30823136,30996270,31339451,31362638,31644447,31894562,32113535,32173050,32312381,32101800,32346066,32135525,32100358,32046254,32208665,31926644,31815730,31685880,31705899,31591738,31463055,31009993,30714259,30437739,30175334,29780543,29480264,29183070,28689666,28076755,27770362,27404671,26792135,26359301,25907531,25554228
26,1204045,2118902,3147924,4243292,5318428,6373334,7621340,8829875,10042197,11047864,12161981,13117252,14203237,15096295,15969121,16700655,17533019,18345152,18918588,19943609,20455137,21186346,21897323,22588070,23258585,23908870,24538923,25310129,26082935,26839545,27388675,28123944,28672884,29161320,29396826,29844800,30348391,31012649,31399929,31642127,32134162,32557224,32712189,32849674,33115568,33361231,33660344,34052785,34237755,34207288,34252064,34268751,34655268,34739082,34866796,34743844,34766965,34775644,34758303,34720731,34882407,35043146,34660195,34541699,34402972,34244013,33979508,33780088,33560436,33054598,32839604,32556689,32291945,32009613,31490070,31231642,30850142,30448410,30066129,29893103,29655244,29264231,28761345
27,1156878,2358171,3474559,4570701,5413609,6469260,7641905,8383989,9378904,10204476,11158900,12039241,12953174,13846863,14720306,15536588,16642890,17192258,17984719,18756935,19508906,20245016,20956496,21823212,22494201,23373411,24105653,24715906,25300484,25994365,26543882,26980244,27489271,28075350,28728950,29348398,29516966,30170226,30557780,30925089,31371215,31698033,32004606,32290933,32557015,32789634,33132873,33097744,33440099,33604954,33675194,33534987,33639106,33952025,34002240,34045623,34174985,33955836,33944277,33810825,33902517,34099438,33878763,33627593,33352408,33193337,33123099,32926290,32932614,32700198,32716564,32436021,31980550,31924697,31778737,31635058,31253288,31044687,30375957,29933451,29192859,28643587,27976129
28,1065018,2190422,3484033,4569347,5789293,6834516,7946658,9170142,10343045,11308086,12249734,13036108,14215901,15100761,15771194,16377372,17456434,18261112,19045745,19982867,20496123,21453323,22112986,22595867,23260228,23904543,24324408,24928632,25486324,25951584,26654493,27292108,27796106,28198638,28683943,29386384,29859988,30465495,30791974,31069069,31334266,31760669,32204588,32623286,32796470,33039878,33509722,33805482,33968167,34131393,34254110,34377245,34480336,34563381,34737515,34969049,35063412,35113782,35115645,34845965,34502867,34144557,33885924,33556336,33440681,33283182,33105637,32953739,32798577,32429481,32358461,32080690,31658622,31340760,31006413,30563381,30103253,29718797,29300708,28862574,28598612,28120387,27392762
29,992639,2126973,3532811,4705231,5603023,6732134,7547694,8794587,9990806,10769585,11774237,12482507,13262436,14218314,15179442,16065712,16749723,17657727,18512273,19338226,20007258,20564811,21138233,21798133,22515814,23247469,23864138,24516857,25147922,25757333,26345089,26911192,27249533,27772327,28273467,28752952,29011982,29628507,30334897,30768957,31305904,31773083,31825186,32126373,32519413,33079910,33321199,33540835,34034266,34138203,34292876,34480923,34785075,35022002,34908819,34995835,35020583,34947746,34918208,34822196,34669389,34585865,34629159,34502327,34353841,34183701,34076284,33865107,33630005,33373248,32989211,32877980,32789288,32220904,31712324,31325642,30917306,30750389,30298744,29879475,29315724,28799117,28441475
30,1225954,2401202,3797328,5069036,6209173,7327856,8282404,9274677,10533978,11533349,12706855,13461311,14429815,15376864,16053144,16669632,17643783,18728474,19568252,20681780,21546723,22553171,23307132,24039640,24750693,25440292,26123384,26770075,27129508,27953054,28535382,28835166,29374586,29728563,30225074,30700131,31153734,31513750,31702741,32330051,32697837,33271337,33596215,33954851,34190891,34615233,34657812,35045234,35169119,35343817,35666927,36009954,35939476,35755243,35581087,35689705,35714224,35461408,35443019,35326943,35265645,35028435,34835096,34709436,34562321,34395891,34142484,34053497,33522337,33034914,32759074,32461780,32143032,31993968,31598208,31167883,30999072,30694594,30247121,29922813,29632831,29241277,28710266
31,931701,2036747,3095418,4246180,5111139,6292630,7379630,8261969,9199611,10222849,11049525,12202644,13411556,14610887,15827071,16722784,17694391,18547595,19364589,20118236,20907677,21596053,22342986,23068665,23903644,24586815,25248731,25889393,26508801,27100152,27424443,28188918,28675077,29284558,29698876,30015003,30342607,30770727,31177593,31563205,31836755,32127069,32581382,32881977,33161318,33419404,33775005,33990583,34184907,34430373,34311322,34441884,34540275,34628328,34493469,34539014,34563305,34767465,34866321,34786433,34725707,34422309,34319074,34194586,34048843,33941699,33753448,33515091,33160265,32908251,32799042,32504519,32420228,32083197,31430061,31050522,30584557,30162509,29542122,29077566,28591756,28084692,27410105
32,1048394,2140729,3371346,4548222,5495482,6516785,7309685,8394038,9401484,10320443,11270074,12053765,13174939,13771605,14890460,15715897,16521747,17413426,17916935,18664025,19391528,20101463,20789793,21203344,21929621,22291363,23033041,23623438,23934866,24486090,25017727,25796033,26089684,26692086,26888562,27322266,27737536,28222325,28620102,29105767,29289139,29819424,30116021,30244980,30526648,30657337,30830514,31085896,31358873,31518364,31403790,31524108,31816044,32126250,32156495,32198466,32220851,32223649,32251925,32215550,32159588,32084039,31988904,32132601,31998293,31859312,31467872,31345250,31132595,30900354,30659090,30484497,30193496,29904007,29478147,29109570,28584274,28195340,27926575,27692581,27244886,26590748,26103880
33,1018829,2081027,3034466,4018037,4965548,5895229,6554140,7448162,8324355,9182718,10267261,11114776,11866608,12653653,13504192,14255579,14868171,15774013,16479202,17119267,17537658,18182067,19000055,19511710,20102631,20582529,21137790,21661810,22175013,22676786,22936297,23402412,23850696,24270462,24683088,25077884,25318104,25677241,25938795,26515452,26602993,26658575,26730481,26982641,27044411,27304134,27312981,27358786,27415509,27609831,27608494,27727838,27819533,27663196,27638369,27475782,27640544,27411056,27619730,27615650,27691664,27614502,27527901,27423471,27164449,26971105,26813187,26630276,26436698,26244783,25854261,25804377,25705383,25610990,25310436,24827972,24298971,24074391,23503315,23113613,22890164,22302591,21993844
34,1007400,2133638,3105780,3991816,4682336,5601588,6386174,7488836,8282406,9131141,9798123,10766024,11658239,12390075,12979674,13722632,14574300,15203061,15893131,16565570,17424624,18061805,18803301,19633978,20411947,20789902,21268660,21785277,22179482,22503904,23027769,23488655,23931911,24480445,25052814,25350905,25723644,26078752,26416231,26736081,27032207,27316797,27529005,27778336,28039274,28253346,28220485,28391252,28732327,28954250,29080402,29188698,29179900,29442650,29573813,29611590,29631738,29634257,29619146,29402731,29352360,29412819,29329710,29452482,29331594,29193076,28926692,28752916,28561510,28352474,28064224,27968260,27852165,27572611,27189785,26874972,26291152,26045196,25791938,25338619,24813011,24624617,23944335
35,982102,1947017,2894745,3986587,4767207,5490684,6134735,6996529,7928335,8601418,9253079,10046126,10776316,11657355,12473121,13391373,14098487,14788413,15461153,16216169,16911807,17743340,18407582,18994388,19581769,20163208,20616187,21101722,21366353,21850038,22206564,22655875,23147485,23562423,23960175,24325472,24550370,24750293,24885902,25319928,25673818,25740985,25782247,26025317,26428691,26552593,26654325,27033935,27191071,27088712,27133872,27210734,27352388,27205448,27259463,27296292,27315934,27265291,27493349,27493126,27434499,27368207,27424266,27212255,27140973,26814201,26883450,26757805,26439679,26289813,26068840,25802958,25547611,25305936,24878017,24713663,24389569,23925078,23689594,23507105,23016238,22606211,22178997
36,999549,1981605,2946169,3874235,4797158,5859952,6754548,7478739,8338351,9266236,9940517,10504684,11294327,12066479,12821138,13572801,14123285,14825468,15476370,16066033,16887649,17519864,18134586,18670013,19045520,19767228,20104135,20694627,21204396,21696674,22171460,22628753,23068555,23490864,23988361,24575957,24961679,25465987,25823211,26140567,26620227,26902600,27167480,27414868,27702280,27930617,28125529,28302949,28462877,28559211,28727619,28964030,29053989,29101262,29111693,29108268,29202269,29204768,29177023,29102980,29053002,28985533,29055675,28953221,28905012,28568767,28352119,28071210,27881296,27820271,27399777,27319525,27246124,26882335,26698718,26386359,26040786,25533646,25418494,25036166,24636347,24089954,23655150
37,923771,1831375,2950847,3761712,4429737,5281349,6252250,6906242,7700685,8478962,9016510,9549134,10278913,10992526,11556124,12096086,12829191,13478139,14319127,15088514,15688964,16273249,16768781,17539092,18074879,18594500,18940760,19458958,20055778,20329760,20840521,21470598,21877057,22267350,22641478,22999439,23327571,23673701,24064873,24358170,24429545,24758332,24920995,25149628,25230394,25439270,25718172,26041995,25965732,26029614,26295631,26398259,26481398,26672498,26757941,26792582,26806521,26808830,26720088,26690065,26650729,26794524,26764993,26619359,26615410,26307128,26174104,26044118,26083598,25962518,25834237,25621758,25310533,25099742,24865795,24577116,24066353,23793471,23456295,23078482,22667181,22501376,22224246
38,912342,1868472,2567262,3309598,4158076,4773579,5590125,6390706,6988056,7968702,8721384,9288694,10009444,10593198,11304507,11770546,12427432,13068353,13499311,14108300,14853765,15430822,16102175,16766178,17295337,17728102,18088350,18569611,19034905,19599222,19815409,20232805,20526027,21000389,21161356,21372370,21709937,22054443,22267418,22557087,22883379,22971320,23150462,23304344,23687820,23881692,23963787,24150537,24296512,24505504,24664204,24759224,24929501,24995646,25045825,25080038,25076685,25022761,24994405,25169810,25307697,25246114,25168565,24929671,24898208,24864236,24708772,24551393,24378048,24098831,23815810,23594567,23316713,23086287,22664580,22495309,22231811,21949140,21616135,21267164,20764186,20506005,20109136
39,930512,1736385,2618487,3419507,4362204,5130469,5884000,6622797,7346860,8056190,8579457,9050154,9923009,10648364,11075490,11696416,12302608,12894067,13470792,14032783,14468529,15023338,15680926,16183981,16681032,17031304,17326642,17604854,17989505,18386814,18786733,19171918,19542369,19898086,20370221,20657753,20969268,21266050,21459096,21851140,22151909,22307136,22395292,22603671,22805947,22984858,23323896,23513107,23647817,23767792,23777559,24068595,24238524,24201438,24147997,24291115,24413643,24287987,24189838,24162475,23933326,23760414,23576362,23421006,23444786,23329020,23254167,23312073,23152105,22995112,22980013,22923246,22805423,22424559,22007295,21744191,21275559,21019046,20711740,20211896,19722765,19259988,18727618
40,936555,1787455,2691231,3400328,4271324,5125931,6017323,6738020,7653534,8637851,9283657,9960893,10869142,11670795,12377894,13080519,13819193,14468869,15110409,15568224,16319521,16911892,17410948,17890365,18446420,19203503,19580143,20074176,20648185,21107918,21531414,21951203,22582206,22754252,22963943,23554359,23900884,24247551,24605434,25022541,25530402,25936533,26030205,26262003,26478930,26815257,27011335,27008504,26940109,27073568,27088884,27307385,27391675,27491652,27574312,27484351,27399059,27298783,27425090,27314671,27096402,27033184,26957787,27083000,26753611,26685237,26577742,26402930,26298318,26292708,26107646,25880531,25637027,25377133,25100849,24914997,24605934,24280481,23895596,23348173,22973551,22520606,21998456
41,691962,1670002,2463459,3059710,3874898,4625188,5280357,6001868,6708991,7401724,8080068,8744023,9188521,9688572,10318209,10804801,11248248,11642611,12271915,12761441,13407472,14044295,14583900,15075186,15552082,16122374,16404025,16734164,17153504,17558455,18146233,18581792,18943575,19290970,19818587,20312861,20439040,20806975,21215144,21373883,21620554,21658624,21779341,22076033,22238065,22412790,22573126,22537614,22827120,22907364,22906861,22995251,23271270,23170684,23231867,23223233,23285129,23287185,23295069,23182117,23141005,22978296,22874089,22789809,22691141,22742125,22614678,22432560,22276335,21968851,21783848,21584456,21370675,21142505,20911579,20691526,20226844,20144051,19843935,19529430,19086310,18563485,18353745
42,771827,1467954,2348790,2977682,3813997,4460693,5334764,5937575,6601347,7168877,7844047,8490479,9247701,9777562,10360291,10864250,11497171,12039380,12465298,13135114,13820375,14346795,14932268,15393434,15841094,16385902,16845744,17334396,17728028,18007225,18533998,18988932,19328536,19709062,20003079,20346552,20510257,20782327,21056379,21201456,21332645,21387580,21680480,21871507,22049028,22213041,22487988,22624988,22820005,22929991,23026469,23149658,23219122,23253284,23295222,23450728,23509710,23331283,23319706,23399902,23277764,23225666,23160060,23072893,22807609,22614748,22318261,22236888,22090240,21930086,21770735,21525974,21325299,21111117,20963502,20894946,20666905,20471700,20145991,19785464,19428780,19106542,18821515
43,768659,1523866,2396237,2954012,3634981,4416869,5089361,5870309,6666962,7314557,7866770,8487462,8982519,9447333,10027671,10594557,11170867,11533441,12059972,12501293,13000921,13545905,14177999,14496050,14864620,15296990,15554763,15960231,16240221,16713450,17147940,17679425,18017635,18184633,18463885,18854172,19318352,19711659,19865437,20031358,20227373,20444520,20648214,20654709,20831501,21136677,21147352,21283789,21406774,21516308,21525371,21562586,21462392,21557500,21460821,21532789,21548162,21577806,21566276,21490470,21426890,21375005,21215032,21215443,21123203,21017513,20862020,20662038,20393782,20234285,20061337,19874937,19675086,19461783,19235029,18939081,18843238,18402074,18049630,17755618,17599937,17345965,17030074
44,549440,1433171,2220575,3015008,3844846,4574629,5235586,5876363,6661731,7276951,7879391,8459546,8912082,9388735,9940059,10478604,11149311,11786453,12286661,12810394,13394357,13856228,14305320,14741633,15165167,15540809,15833426,16218623,16478313,16837951,17184811,17518891,17840193,18148715,18273120,18448509,18897299,19154705,19236105,19467953,19687023,19889281,19929566,20191618,20248575,20465290,20536615,20588242,20725751,20829809,20921088,20825497,20891218,20944160,20945277,20917884,20788183,20862490,20851536,20827804,20785337,20585657,20490573,20475189,20512345,20238930,20219574,20001395,19862651,19599877,19404116,19320205,18978444,18840313,18624895,18348778,18052710,17798955,17547196,17329811,17145257,16840385,16601472
45,794784,1566218,2153715,2770520,3395761,4116762,4718473,5389928,5977906,6489377,7001455,7629012,8036025,8580749,9020856,9516678,10000736,10390763,10904387,11218372,11499645,11924876,12316030,12717731,12998553,13386990,13713755,14068394,14411268,14701010,15027609,15325223,15486819,15723835,16143950,16328019,16636353,16873340,17228923,17597133,17956621,18151811,18377440,18411683,18566313,18824495,19063519,19334467,19459011,19639546,19875534,19889224,20047154,19956545,19854621,19988668,20002114,19890021,19770155,19896125,19862510,19833475,19794164,19785521,19704845,19589239,19515620,19528761,19377986,19396301,19245033,19081999,18858920,18796016,18757389,18547295,18311726,18211694,17966135,17778998,17578760,17203319,17004711
46,558367,1185935,1736908,2365286,2947690,3382292,3942777,4472289,5010856,5538464,6105919,6704744,7046924,7414159,8009398,8509064,8959957,9547085,9976060,10394076,10853187,11292769,11783541,12157719,12396416,12819894,13013239,13312990,13632373,13911467,14208931,14495436,14770982,15035569,15226331,15347429,15579138,15852334,16062125,16180678,16462265,16574268,16641108,16796102,16892315,17122234,17244351,17355508,17455707,17420320,17453121,17527910,17584271,17629674,17664117,17642314,17667978,17669543,17660150,17775139,17743827,17850207,17749262,17558969,17519532,17290614,17193547,17085520,16966534,16761379,16494977,16336619,16036886,16001156,15816415,15708021,15643943,15449874,15221296,15005517,14617638,14246276,13973861
47,731679,1335658,1986571,2569034,3191677,3696397,4281708,4839531,5368205,5886121,6393279,6951995,7457231,7932116,8379403,8832772,9298730,9847685,10268780,10679117,11062810,11451631,11829694,12197000,12553547,12895067,13230098,13514919,13828434,14096589,14388589,14780723,15120150,15269516,15556133,15645620,15914586,16125741,16340978,16571040,16755461,16900555,16916996,17108831,17250221,17380852,17500726,17609842,17642141,17713564,17652609,17718693,17774020,17818588,17782730,17805783,17818078,17733671,17851542,17975049,18042408,18000913,17979994,17916983,17766538,17668999,17711641,17526464,17453827,17326269,17199624,17190252,17161400,17017594,16812204,16629717,16574325,16251287,16026908,15689272,15312054,15168422,14901011
48,696900,1264522,1937118,2615110,3252078,3776353,4350894,4898247,5466674,5992195,6506800,6919188,7565485,8080572,8454950,8837604,9286714,9625716,9996469,10412831,10967818,11365718,11889211,12261910,12479085,12820234,13256007,13585042,14019937,14407426,14549976,14872199,15146656,15394146,15594042,15835750,16066543,16338065,16506598,16704643,16891772,17021325,17186623,17222114,17262339,17528327,17768700,17856505,17834066,17922952,17991463,18155532,18211671,18280179,18314486,18436409,18448885,18454515,18409222,18385325,18354136,18374028,18361052,18367714,18371900,18229201,18132518,18117717,17999202,17869771,17729424,17481397,17319218,17101215,16914082,16821179,16479979,16333654,16079186,15811930,15682164,15499131,15227794
49,695749,1297368,1888272,2323801,2955243,3469233,4075999,4613323,5115289,5598027,6103203,6597664,6973648,7446678,7941156,8392754,8936609,9461478,10016492,10425226,10709177,10998567,11295140,11612625,11824643,12044803,12378526,12599147,12911438,13269424,13560283,13966345,14235773,14633025,14774228,14946171,15172736,15388584,15678825,15985681,16169382,16342367,16401853,16427152,16421338,16558355,16677760,16688852,16765259,16852516,16929058,16922520,16977630,16934632,16968310,16860359,16995480,16997011,16996631,17117461,17210072,17139548,17237380,17283966,17121149,16938517,16749675,16631300,16514726,16387667,16354477,16205986,16046779,15916395,15737443,15644387,15436585,15223798,15000296,14731645,14564579,14308929,14042563
50,625788,1225652,1967777,2465091,2965486,3585245,4041607,4519747,5057925,5693764,6244209,6875032,7334040,7943144,8415613,8994863,9445430,9985751,10414416,10832129,11238891,11494375,11778670,12152578,12515535,12902793,13400111,13852875,14172027,14615196,14912445,15220241,15595417,15859812,16164534,16407027,16768958,16989548,17207722,17406409,17646420,17978075,18128558,18283440,18489800,18696206,18763475,18840405,19000834,19030088,19076488,19143760,19200081,19092895,19127313,19276140,19381339,19382903,19516961,19588251,19651385,19609145,19431242,19367099,19443981,19357936,19260938,19152990,19034090,18779261,18569021,18417268,18254563,18063027,17970321,17774762,17488748,17271287,16918544,16633427,16534704,16422771,16026496
51,630570,1281870,1890370,2487835,3197107,3737841,4302201,4855525,5397815,5929070,6358013,6884290,7382440,7785226,8269368,8734413,9127959,9557031,10096079,10493652,10755591,11154426,11542227,11918992,12284722,12770900,13114560,13447186,13647325,14094598,14353684,14680450,14969878,15344761,15584485,15851893,16069454,16291730,16568769,16768975,16895101,17182676,17222364,17289021,17382002,17515998,17514605,17620271,17637457,17611857,17690678,17764901,17848875,17894592,17929273,17855772,17868384,17903616,18040436,18072134,18040606,17970866,17856619,17800342,17724673,17483182,17326371,17164878,17045070,16914226,16801453,16675481,16499333,16470123,16284105,16061334,15920622,15675469,15445311,15147353,14874121,14610858,14451233
52,637274,1240682,1833342,2282292,2787613,3348030,3897699,4346501,4800869,5318295,5824973,6320904,6903470,7357026,7877799,8355265,8861351,9292795,9592628,10117508,10412892,10736640,11254056,11573009,11969785,12432276,12874844,13109967,13423186,13681876,13836699,13965647,14269370,14640403,15029032,15222792,15388441,15604931,15759227,16098603,16282850,16589967,16752718,17040944,17050312,17146267,17405265,17514278,17658090,17875076,17951846,18017868,18006904,17945380,17979159,17938510,18065934,17957097,17947884,17927924,17963976,18006026,17955703,17904555,17917761,17924077,17828883,17586646,17443092,17360898,17222713,17073780,16809841,16639413,16458237,16152189,15949517,15582570,15400002,15314543,15177537,14924864,14716287
53,602727,1194906,1893449,2503388,3166590,3755442,4294882,4823775,5342120,5849918,6245046,6659556,7207008,7672614,8090774,8535285,8843355,9181994,9624782,9890637,10282409,10809039,11181494,11541623,11817957,12257502,12585988,13024815,13332206,13629049,13915344,14191092,14315879,14493907,14766259,15098167,15321176,15386182,15641580,15934684,16115502,16205845,16494735,16556877,16812416,17040985,17263144,17370128,17466564,17426389,17501729,17566523,17549188,17592886,17537496,17439765,17451820,17318696,17309655,17331454,17403796,17363111,17395568,17333789,17336862,17253987,17160565,17036617,16989265,16993175,17006569,16860922,16704213,16536957,16418278,16151353,16046852,15795809,15575814,15345270,15180513,14821637,14649518
54,677932,1236008,1784143,2183629,2618491,3136805,3645179,4070848,4493129,4971682,5408072,5866744,6315477,6678409,7107262,7554443,8101464,8622831,8963190,9342341,9648534,10007805,10450791,10883023,11212472,11531981,11942620,12146329,12576524,12856271,13231336,13419021,13728173,13857907,14087953,14222209,14432375,14601585,14791870,14891915,15173208,15472840,15709997,15768874,15976279,15956976,16173658,16378760,16358813,16528047,16599049,16660110,16711232,16877393,16879347,16796319,16685913,16673276,16664756,16578318,16659335,16584517,16452597,16404478,16427945,16349843,16368143,16330747,16123823,16026533,15871173,15623123,15475439,15241754,15196051,15018546,14755138,14644826,14413321,14135521,13863277,13699827,13332911
55,613005,1215283,1675677,2256499,2826594,3385961,3975896,4513808,5040992,5449555,6061594,6556595,7082097,7595252,8058070,8651360,9030800,9536217,9956125,10365306,10840238,11194558,11555118,11880570,12089088,12433904,12767991,13091351,13498441,13818689,14109866,14390316,14550904,14774541,15022808,15171614,15366956,15732956,15950523,16145152,16365408,16538582,16690220,16841939,16982930,17035951,17139022,17384017,17525467,17486574,17563200,17590440,17719196,17631083,17664798,17703740,17716000,17717533,17708338,17793820,17842730,17777581,17725476,17625263,17573430,17386051,17378319,17233488,17117017,17000620,16904790,16632744,16473363,16303254,16155010,15836111,15639099,15426079,15202333,14923073,14722480,14489553,14221309
56,601576,1192625,1773147,2324502,2999260,3442106,3980517,4621708,4993879,5500707,6072668,6665217,7255364,7720082,8174273,8617935,9123963,9546570,9942116,10448582,10839606,11323673,11625979,11993733,12464794,12803181,13131040,13566481,13755335,14079904,14476259,14657291,15062930,15254754,15388622,15699862,16028242,16240298,16498344,16763172,16868872,16930925,17090342,17216965,17355328,17603261,17720569,17788567,17809689,17957293,18129578,18194248,18355951,18531848,18686455,18709014,18777477,18778980,18769957,18641467,18611389,18449586,18398452,18376087,18433889,18351172,18406272,18360508,18222612,18097785,18071587,17928789,17807578,17663282,17485817,17297824,17099304,16990536,16754425,16454114,16164113,15901415,15613950
57,723614,1330087,1801176,2360341,2909178,3302235,3830418,4494164,4870646,5319200,5881780,6447523,6913740,7464552,8050641,8399770,8824676,9192140,9596391,10017379,10400975,10774244,11062849,11438230,11892740,12113589,12320007,12631310,13042585,13333232,13598323,13868316,14127981,14248062,14523675,14887641,15231156,15464869,15644631,15731872,16048714,16210564,16366954,16519147,16730217,16926492,17041571,17146322,17240746,17355518,17497142,17532519,17617927,17660712,17676612,17602014,17613817,17636925,17628073,17494666,17494313,17367039,17316876,17305630,17370990,17207153,17189386,17020150,17035059,16944073,16811289,16580182,16525114,16495986,16318778,16134357,15842604,15563038,15329922,15104190,14868131,14579566,14322851
58,599199,1252509,1830736,2398477,2901676,3571112,4116636,4568806,5084117,5705454,6199793,6683646,7157014,7562015,7869631,8311540,8742963,9118600,9529051,10007970,10291189,10736131,11104639,11462660,11788819,12211614,12538177,12723870,13061587,13271311,13555930,13830064,14093712,14383864,14650350,14882539,15104243,15318921,15372589,15464924,15647189,15686055,15844843,15993145,16138855,16227470,16462964,16615853,16844984,16939515,16982637,16897676,16829253,16872695,16969379,16991849,16930034,17020220,17107536,17088062,16961866,16801871,16750939,16689521,16617617,16535227,16442351,16472137,16264785,16128717,15875119,15845410,15680924,15468892,15271504,15222354,14893858,14579144,14499179,14392512,14136317,13898102,13744451
59,587771,1165255,1719951,2308674,2828710,3365051,3944419,4460188,4965670,5362485,5847396,6338251,6814093,7268146,7609158,7937241,8382978,8684588,9014677,9439416,9821466,10193231,10579412,10930605,11271512,11706278,12026613,12451144,12798419,12954076,13205748,13360784,13619403,13745230,13934580,14162341,14406804,14613993,14810896,15124077,15300408,15358232,15513991,15654599,15789786,15815122,15929738,15943821,16037865,16027073,16082684,16189359,16242258,16188266,16220594,16242635,16208860,16348179,16339362,16320260,16171966,16126326,16186142,16125895,15918159,15837340,15746236,15647745,15536069,15273997,15280632,15113025,14897616,14635918,14417872,14159161,13861626,13696626,13431018,13352746,13117638,12872244,12541200
60,519046,1111337,1612216,2120299,2680261,3153890,3711744,4047436,4527732,4965028,5393241,5829628,6204396,6631655,7023535,7500821,7868110,8172585,8592188,8940780,9197308,9525605,9844818,10229967,10531014,10794369,11077249,11351045,11640053,11895683,12142230,12379693,12608073,12935864,13146077,13347207,13440664,13623627,13797508,13835373,13991087,14072554,14305378,14499005,14618386,14683436,14784650,14974379,14994443,14992613,15057494,15006862,15053576,14992734,15021282,15062534,15154066,15281994,15274209,15330087,15304134,15345660,15301541,15344670,15411876,15340508,15367793,15237229,15138611,14908367,14791582,14736383,14518793,14462291,14179526,14012742,13841457,13661089,13471637,13273102,12944463,12613492,12387707
61,384077,804701,1200826,1631313,1933902,2334107,2717270,3092942,3461122,3821809,4109765,4455468,4778995,5010386,5368392,5609564,5917808,6146723,6373171,6658939,6894269,7145021,7325236,7581035,7871680,8158415,8384593,8610424,8832224,9125416,9348969,9566049,9754420,9935299,10108686,10224103,10431237,10556767,10599944,10804792,11016394,11124852,11327226,11433185,11456501,11547476,11555303,11631293,11805162,11923933,12074967,12083222,12121752,12115520,12139067,12116566,12125128,12130777,12124355,12072646,11995415,11966518,11856148,11761920,11710546,11557770,11506445,11355910,11380025,11291191,11194865,11091047,10979737,10795540,10569221,10435435,10227112,10049203,9892941,9809927,9709680,9526692,9340462
62,416687,757125,1159228,1523559,1952959,2389058,2761993,3093434,3503911,3829064,4258593,4661139,4990322,5312213,5624848,6023678,6323693,6535723,6821154,6998945,7334154,7555895,7812158,8164118,8499107,8641659,8822006,9121900,9352474,9570728,9672420,9863055,10046397,10138680,10307438,10433437,10535065,10681947,10821538,10929581,10969689,11105806,11273871,11282380,11397056,11573995,11655249,11735720,11704062,11712921,11765007,11778261,11895527,12007945,12129408,12148917,12077997,12079039,12050175,11970633,11859389,11731934,11696515,11653805,11693475,11601714,11526884,11404113,11392847,11281003,11240848,11139801,10949198,10833567,10689741,10559526,10453727,10233328,10081238,9921855,9723768,9547237,9390142
63,310557,773792,1164867,1548850,1909246,2279045,2641751,2942592,3291114,3544444,3977747,4304993,4533217,4846280,5131323,5445308,5737094,6088251,6308352,6624273,6887691,7117089,7440740,7682882,7917932,8145890,8366756,8580531,8779901,8979491,9159879,9386606,9564920,9670379,9900013,10061136,10211082,10299857,10529654,10741544,10962486,11099001,11206395,11347724,11394153,11480270,11636461,11749148,11907634,12039565,12077345,12152522,12121975,12151356,12173645,12207310,12271292,12192962,12286030,12244372,12137969,12110614,12028833,11956455,11962030,11906307,11762926,11783816,11677483,11550312,11459129,11309008,11203641,11091182,10915630,10879938,10810684,10574045,10370739,10215727,10002030,9859140,9776510
64,334321,659427,980582,1295914,1609479,1913163,2235070,2511003,2720651,3001038,3250944,3552762,3819520,4076611,4387599,4586451,4767646,4962629,5190600,5468014,5619633,5830131,5996954,6276529,6403417,6632901,6814279,7014776,7202992,7371886,7529968,7756731,7903164,8020576,8104651,8233613,8330330,8438359,8530887,8636552,8810208,8904225,9000345,9082714,9159259,9310529,9424301,9424252,9465409,9493860,9535461,9600151,9630104,9702341,9720645,9733126,9739782,9719808,9714816,9704000,9687360,9665120,9673287,9584991,9545054,9499294,9477876,9420467,9396406,9327349,9194254,9096993,8930511,8792655,8763623,8641487,8531662,8478906,8357432,8172778,7992975,7866879,7641958
65,342247,763832,1182451,1650888,2054324,2555935,2944188,3428531,3801601,4179947,4450348,4782095,5124799,5459912,5787432,6107362,6501754,6711498,7006199,7319399,7707336,7987239,8254028,8414085,8665691,8979808,9145490,9273452,9468310,9681957,9888013,10022686,10141091,10334645,10615467,10710434,10808605,10866104,11011428,11149160,11279301,11386486,11407364,11496876,11511625,11603808,11778032,11855032,12032084,12093901,12148126,12212035,12180362,12103508,12127368,12143635,12243193,12244278,12282864,12268766,12247076,12279290,12319513,12275049,12222992,12228059,12158106,12083275,12000852,11910838,11813233,11753221,11640433,11492229,11364257,11135835,10992680,10887503,10729165,10645168,10417990,10345161,10156457
66,427926,842909,1147610,1523882,1904458,2307442,2730848,3104927,3468169,3824019,4259304,4600370,4837102,5252241,5510909,5822410,6126519,6423236,6712562,6955086,7203971,7501761,7791620,8116401,8361378,8598963,8829157,9100630,9316041,9524060,9825031,9916280,10102125,10280578,10545847,10709517,10865795,11065750,11207245,11341349,11512337,11631657,11791696,11896636,12049801,12130884,12151362,12226333,12293913,12441736,12494533,12539938,12546580,12600128,12623359,12599754,12693087,12623720,12617385,12513627,12508020,12525385,12489483,12396995,12286766,12142767,12113260,12116273,12058571,11946278,11824049,11757274,11673327,11534264,11409664,11277672,11138289,11028529,10970723,10821057,10647363,10372259,10188670
67,478889,981817,1555136,2004391,2449757,2886743,3324593,3664179,4133947,4635747,5030830,5536539,5893164,6297195,6557307,6910487,7255287,7675072,8003111,8322769,8702595,8891388,9241708,9527843,9701964,9971339,10232333,10484947,10752316,10997338,11224810,11329882,11506440,11731689,12005546,12191115,12368304,12616059,12875440,13027487,13181543,13367337,13450276,13568800,13678945,13780709,13826966,13972188,14048811,14078011,14137872,14204897,14247997,14243052,14269391,14309595,14401450,14412904,14354870,14339307,14308469,14365857,14325151,14164487,14041941,14056706,13982479,13935661,13937081,13876456,13660479,13526715,13434600,13301709,13160437,12996468,12838435,12612640,12467521,12193330,11886057,11671668,11498804
68,417807,877086,1410261,1843925,2206604,2633161,2937780,3409314,3746539,4031420,4342173,4732087,5051666,5488003,5850858,6156427,6492998,6821389,7070873,7345966,7653262,7975630,8343932,8715183,8934785,9197731,9361182,9512295,9720523,9837105,10165223,10379086,10599465,10834558,11023879,11205020,11284288,11340370,11496969,11645388,11771702,11885424,12009300,12240756,12348272,12411876,12405214,12435730,12510524,12534640,12703852,12821075,12746580,12780471,12817311,12748159,12757508,12684604,12634951,12619759,12671824,12551947,12563598,12521814,12465719,12321599,12249143,12085181,12056670,11901256,11742205,11578996,11457456,11327736,11189835,10935370,10781108,10618665,10459669,10188654,9941726,9746561,9618645
69,331757,704426,1056174,1397867,1764166,2119914,2360117,2679970,2909233,3216328,3517045,3721297,3988733,4270313,4545515,4794749,5086925,5342990,5592677,5835984,6019990,6334915,6601931,6819723,7031136,7310589,7509245,7701521,7887419,8066938,8270523,8437284,8543991,8744540,8945974,9067400,9261682,9390170,9458640,9603796,9713148,9791587,9888180,9914230,10040143,10117600,10265038,10298852,10284735,10336677,10294410,10391814,10342769,10369196,10324254,10337923,10434275,10435187,10413364,10443737,10360367,10335763,10304780,10267418,10250707,10210261,10236665,10173788,10030577,9968941,9886927,9759443,9664672,9589367,9481838,9336912,9216625,9095280,8962236,8866450,8699752,8582007,8496458
70,264305,679456,942033,1255192,1569191,1877281,2165414,2461687,2752052,3074829,3412206,3684845,3994306,4333940,4588853,4837858,5081602,5332442,5548628,5773998,5929989,6143542,6351187,6596240,6781579,6971497,7157435,7399246,7515432,7644270,7839274,8029725,8212526,8308073,8516469,8591107,8692626,8732040,8850136,8929449,9030739,9118193,9207666,9291230,9432098,9519603,9651455,9711385,9765406,9813519,9840154,9903743,9934130,9958609,9996000,10008661,10015414,10016258,10000404,9936760,9924490,9863658,9834959,9800351,9759835,9639943,9621660,9574317,9510166,9440107,9396733,9377268,9250913,9138753,9016170,8836370,8666976,8474154,8350918,8191636,8056583,7909236,7762366
71,176348,364401,611536,815590,1059513,1242348,1435095,1585074,1770283,1951724,2129396,2269363,2478401,2644766,2811516,2970344,3106131,3257422,3404943,3548696,3737352,3825765,3932219,4060897,4210033,4331173,4448544,4589793,4706262,4812327,4868247,5010812,5158874,5267443,5377184,5460636,5540319,5589868,5662013,5730390,5785604,5885192,5994711,6054982,6104515,6146412,6179198,6217425,6251882,6285272,6312192,6385695,6362883,6397466,6409311,6417387,6455568,6485957,6482727,6439465,6417251,6410235,6339952,6286337,6260494,6258986,6225605,6137293,6096374,5999591,5951135,5861521,5804732,5714457,5619355,5514461,5443393,5403960,5332224,5282732,5175289,5104512,5026304
72,179122,378218,551071,720789,930824,1076280,1236594,1403260,1583359,1734269,1886899,2007477,2113761,2284997,2420234,2553369,2668440,2794273,2900554,3020118,3136547,3220689,3370160,3454958,3601613,3702369,3769390,3903475,3982305,4070523,4143720,4225668,4304482,4402519,4491444,4583385,4668012,4722796,4740624,4762987,4816724,4849882,4871224,4952626,5009718,5004372,5063560,5084472,5131263,5156788,5213841,5233097,5249479,5292408,5272930,5288684,5268864,5258747,5256060,5217581,5208625,5240125,5224900,5206229,5215712,5195131,5192228,5201773,5194945,5120326,5071458,5070217,5034825,5018862,4966021,4923751,4856897,4781512,4721515,4653001,4550864,4476081,4398163
73,77853,194006,270182,357197,446317,533759,638712,706475,788887,859988,918766,988050,1062376,1136403,1232463,1317576,1369511,1436830,1492616,1537922,1611671,1672282,1731216,1772641,1828221,1896038,1957047,1997312,2055543,2105612,2151130,2211183,2256730,2307482,2344149,2381282,2416738,2456595,2488697,2519123,2556407,2583478,2620533,2653563,2668530,2694385,2713072,2750170,2773081,2786736,2798715,2815670,2824295,2832600,2831932,2835525,2852312,2841293,2837932,2821224,2812231,2805763,2813432,2808146,2784282,2775464,2753246,2713177,2694970,2665335,2643774,2620536,2617442,2590850,2562580,2532634,2501011,2475937,2440960,2400503,2374947,2320238,2293946
74,193431,425360,621489,823539,988805,1133854,1306975,1476710,1643061,1773738,1915528,2099749,2252560,2424264,2570304,2748735,2927171,3064706,3243263,3372378,3506986,3671750,3786350,3908861,3997162,4105967,4258927,4386278,4533097,4676427,4768307,4856801,4968277,5050002,5128341,5195892,5287300,5355484,5420284,5463463,5521492,5614991,5640694,5688568,5733057,5774161,5811880,5846214,5877163,5914290,5984239,6005032,6053917,6030164,5997687,6023285,5999239,6011943,6009042,6024417,6044393,6031337,5973336,5908647,5885435,5894789,5864807,5793764,5764521,5763518,5719996,5673089,5595176,5540486,5529473,5497433,5433601,5382158,5311555,5251756,5174384,5089616,4995144
75,182003,320883,505353,722751,878337,1074186,1282290,1464559,1614242,1762868,1882946,1988103,2131885,2316943,2454355,2575988,2666734,2794591,2919263,3043411,3183917,3281278,3393209,3501956,3607517,3737363,3836554,3888963,3952046,4055203,4165936,4249202,4329283,4402970,4476681,4561514,4628855,4693011,4766982,4853178,4907779,4926580,4974811,5019857,5051356,5090032,5125522,5157828,5165118,5172547,5163802,5165790,5145197,5178355,5216846,5256741,5260381,5292298,5284352,5256834,5262829,5250544,5245286,5226631,5210322,5185297,5169507,5138112,5118591,5080825,5039875,4974266,4926945,4876439,4777268,4728969,4668908,4605662,4552398,4505328,4417129,4341143,4294470
76,169557,355055,518678,679333,837021,954628,1106381,1254392,1442492,1566706,1740841,1892451,2043663,2174646,2293369,2410835,2532916,2646213,2727179,2869963,3019625,3126870,3231147,3332458,3430801,3494210,3586618,3661379,3784594,3845854,3926394,4037461,4121768,4193406,4261195,4307172,4378675,4441982,4460114,4496020,4524195,4610051,4635818,4689688,4762608,4791116,4792325,4828078,4883457,4907619,4948852,4966630,5004322,5016614,5020665,5052474,5029759,5030183,5027640,5013607,4970561,4917478,4863319,4850859,4862881,4852599,4835948,4806699,4815154,4793437,4736436,4719777,4675692,4665513,4615494,4538197,4482243,4423322,4338245,4247133,4154235,4044673,3970915
77,46245,96653,138376,182193,234408,285143,323503,366559,402270,441231,479384,516727,549009,591819,625261,659367,701136,733623,765301,805625,835684,875456,911159,938790,955730,980290,1008226,1041676,1065262,1089951,1100482,1121639,1141987,1167175,1185905,1195814,1224154,1240456,1255948,1270631,1281168,1294232,1315420,1326866,1348392,1350707,1353113,1361121,1361964,1363474,1369255,1373963,1386602,1398301,1394828,1396562,1393415,1390953,1379981,1378478,1383489,1380368,1376437,1377813,1378611,1372252,1360202,1344078,1335292,1331689,1312934,1301720,1293302,1272559,1258917,1244465,1229204,1213134,1197587,1176577,1164920,1138295,1118179
78,41750,77504,111102,139298,171677,203448,228448,258999,283346,312679,341403,374697,397408,429795,453385,473224,498292,519143,538533,565763,588394,610416,635874,656677,676870,696455,719849,738215,755971,768688,792618,816933,824558,838899,857859,879733,893801,903329,909519,921672,938045,947881,957107,965724,973732,981721,988510,999609,1005180,1018810,1019506,1022470,1025603,1035379,1037294,1038599,1035609,1028380,1024502,1023371,1021630,1025150,1027443,1023874,1019288,1014500,1009104,1008964,1002349,995124,987291,977484,974320,965032,960399,943888,932399,927228,914030,899265,885628,868300,859964
79,-54027,-106001,-169909,-226067,-273654,-333474,-406270,-464383,-521337,-585289,-625490,-668697,-713256,-767551,-815050,-869280,-925774,-972298,-1017663,-1048377,-1082819,-1124707,-1173897,-1227678,-1276743,-1313995,-1341289,-1383929,-1426856,-1459472,-1490929,-1525281,-1565496,-1593476,-1613135,-1638798,-1673998,-1693905,-1723590,-1744617,-1764485,-1783194,-1800743,-1817134,-1822903,-1836976,-1844517,-1866211,-1884044,-1893481,-1911410,-1904897,-1910857,-1915658,-1919301,-1922806,-1930113,-1946608,-1945614,-1940857,-1931283,-1926813,-1935420,-1944413,-1936466,-1914858,-1911189,-1899765,-1877746,-1873066,-1858166,-1850011,-1847585,-1829207,-1809671,-1799507,-1770365,-1762875,-1724075,-1698743,-1672253,-1640487,-1613431
80,-71071,-129603,-187093,-243541,-298945,-354007,-407326,-469713,-508788,-558980,-608130,-668517,-730401,-771086,-812911,-856847,-911398,-953250,-994058,-1048554,-1081383,-1133069,-1178198,-1224151,-1252272,-1299796,-1330875,-1373048,-1398535,-1427876,-1464458,-1491713,-1517926,-1543160,-1567288,-1592708,-1614750,-1630629,-1650586,-1663400,-1681272,-1699894,-1716296,-1731040,-1733892,-1746552,-1769991,-1780566,-1797209,-1796803,-1804250,-1818524,-1823886,-1828205,-1843820,-1858873,-1866674,-1866823,-1877993,-1876057,-1877161,-1866937,-1874368,-1879493,-1872344,-1859335,-1845687,-1835411,-1830753,-1818391,-1804987,-1784185,-1772342,-1760372,-1757427,-1749861,-1738125,-1717423,-1695678,-1662227,-1642841,-1615195,-1589280
81,-127571,-256037,-417714,-559066,-697807,-833937,-967430,-1108633,-1205597,-1331284,-1454360,-1574826,-1692681,-1794633,-1907267,-2025349,-2168218,-2255550,-2391479,-2491059,-2588028,-2649985,-2753671,-2842808,-2929335,-2978135,-3059440,-3114257,-3185196,-3258669,-3358607,-3425558,-3478026,-3535533,-3602898,-3660707,-3715905,-3755963,-3805939,-3853305,-3879601,-3955235,-3994768,-4031691,-4094648,-4148336,-4155908,-4175914,-4199783,-4205875,-4224523,-4240560,-4263595,-4247802,-4277834,-4283429,-4307852,-4308225,-4310297,-4310583,-4329462,-4328076,-4315396,-4324092,-4303179,-4272508,-4249385,-4223651,-4192485,-4161529,-4103012,-4038551,-3999763,-3934207,-3877172,-3855722,-3831636,-3779795,-3722658,-3665596,-3608827,-3518122,-3420206
82,-175526,-349744,-492194,-643037,-792407,-938965,-1082713,-1257603,-1395730,-1569233,-1701738,-1806022,-1893620,-1987591,-2146079,-2246088,-2361729,-2486684,-2617514,-2759100,-2863498,-2965085,-3063861,-3159827,-3252982,-3343326,-3456635,-3562485,-3644397,-3700343,-3810476,-3913089,-3983759,-4051617,-4091762,-4153999,-4252009,-4308625,-4357656,-4408650,-4456834,-4502207,-4544769,-4584521,-4589081,-4623211,-4662462,-4676466,-4729415,-4788865,-4808942,-4829921,-4881578,-4887035,-4895868,-4924804,-4928017,-4939158,-4913238,-4908018,-4899987,-4849726,-4818995,-4829526,-4830216,-4798740,-4795899,-4799224,-4768708,-4734798,-4698661,-4629164,-4598875,-4585313,-4499296,-4487388,-4418615,-4362802,-4299224,-4267085,-4202840,-4135785,-4065918
83,-274546,-606367,-932006,-1242622,-1506457,-1792836,-2036919,-2276230,-2471653,-2746285,-2903581,-3171282,-3369721,-3558960,-3790858,-3969543,-4197774,-4332817,-4496489,-4619923,-4808476,-4980971,-5162370,-5337657,-5548174,-5757990,-5906622,-6050481,-6189568,-6323882,-6453424,-6510940,-6667406,-6782629,-6917134,-6999172,-7135420,-7233633,-7392873,-7521175,-7628829,-7718761,-7825858,-7893356,-8020824,-8140684,-8193864,-8270313,-8313948,-8331484,-8409235,-8438553,-8463097,-8482869,-8440157,-8431522,-8447884,-8448566,-8450938,-8442075,-8438569,-8479603,-8431482,-8404840,-8424689,-8359987,-8317715,-8260117,-8208301,-8146518,-8112341,-8046207,-7955463,-7855063,-7774610,-7689386,-7631398,-7536628,-7437085,-7332770,-7207741,-7126895,-7023757